;gaugeId;issue_date;issue_time;fc_date;fc_value
0;hybas_1120641660;2024-10-01;2024-10-01 13:36:54.162539+00:00;2024-09-30;3132.23291015625
1;hybas_1120641660;2024-10-01;2024-10-01 13:36:54.162539+00:00;2024-10-01;3206.8525390625
2;hybas_1120641660;2024-10-01;2024-10-01 13:36:54.162539+00:00;2024-10-02;3222.2587890625
3;hybas_1120641660;2024-10-01;2024-10-01 13:36:54.162539+00:00;2024-10-03;3256.123046875
4;hybas_1120641660;2024-10-01;2024-10-01 13:36:54.162539+00:00;2024-10-04;3269.2578125
5;hybas_1120641660;2024-10-01;2024-10-01 13:36:54.162539+00:00;2024-10-05;3279.7841796875
6;hybas_1120641660;2024-10-01;2024-10-01 13:36:54.162539+00:00;2024-10-06;3224.851318359375
7;hybas_1120641660;2024-10-01;2024-10-01 13:36:54.162539+00:00;2024-10-07;3083.388427734375
8;hybas_1120641660;2024-10-02;2024-10-02 13:53:03.065403+00:00;2024-10-01;3184.62451171875
9;hybas_1120641660;2024-10-02;2024-10-02 13:53:03.065403+00:00;2024-10-02;3223.647705078125
10;hybas_1120641660;2024-10-02;2024-10-02 13:53:03.065403+00:00;2024-10-03;3237.22802734375
11;hybas_1120641660;2024-10-02;2024-10-02 13:53:03.065403+00:00;2024-10-04;3255.932373046875
12;hybas_1120641660;2024-10-02;2024-10-02 13:53:03.065403+00:00;2024-10-05;3245.49169921875
13;hybas_1120641660;2024-10-02;2024-10-02 13:53:03.065403+00:00;2024-10-06;3177.510986328125
14;hybas_1120641660;2024-10-02;2024-10-02 13:53:03.065403+00:00;2024-10-07;3031.20166015625
15;hybas_1120641660;2024-10-02;2024-10-02 13:53:03.065403+00:00;2024-10-08;2962.25439453125
16;hybas_1120641660;2024-10-03;2024-10-03 13:39:46.217054+00:00;2024-10-02;3188.690185546875
17;hybas_1120641660;2024-10-03;2024-10-03 13:39:46.217054+00:00;2024-10-03;3200.169677734375
18;hybas_1120641660;2024-10-03;2024-10-03 13:39:46.217054+00:00;2024-10-04;3192.091796875
19;hybas_1120641660;2024-10-03;2024-10-03 13:39:46.217054+00:00;2024-10-05;3197.202392578125
20;hybas_1120641660;2024-10-03;2024-10-03 13:39:46.217054+00:00;2024-10-06;3155.668701171875
21;hybas_1120641660;2024-10-03;2024-10-03 13:39:46.217054+00:00;2024-10-07;3036.360595703125
22;hybas_1120641660;2024-10-03;2024-10-03 13:39:46.217054+00:00;2024-10-08;2940.428466796875
23;hybas_1120641660;2024-10-03;2024-10-03 13:39:46.217054+00:00;2024-10-09;2977.73291015625
24;hybas_1120641660;2024-10-04;2024-10-04 14:01:46.539635+00:00;2024-10-03;3193.996826171875
25;hybas_1120641660;2024-10-04;2024-10-04 14:01:46.539635+00:00;2024-10-04;3187.799560546875
26;hybas_1120641660;2024-10-04;2024-10-04 14:01:46.539635+00:00;2024-10-05;3184.103271484375
27;hybas_1120641660;2024-10-04;2024-10-04 14:01:46.539635+00:00;2024-10-06;3179.745361328125
28;hybas_1120641660;2024-10-04;2024-10-04 14:01:46.539635+00:00;2024-10-07;3095.24365234375
29;hybas_1120641660;2024-10-04;2024-10-04 14:01:46.539635+00:00;2024-10-08;2970.1650390625
30;hybas_1120641660;2024-10-04;2024-10-04 14:01:46.539635+00:00;2024-10-09;2969.701904296875
31;hybas_1120641660;2024-10-04;2024-10-04 14:01:46.539635+00:00;2024-10-10;3026.57958984375
32;hybas_1120641660;2024-10-05;2024-10-05 13:50:01.388590+00:00;2024-10-04;3173.6298828125
33;hybas_1120641660;2024-10-05;2024-10-05 13:50:01.388590+00:00;2024-10-05;3195.225341796875
34;hybas_1120641660;2024-10-05;2024-10-05 13:50:01.388590+00:00;2024-10-06;3171.063232421875
35;hybas_1120641660;2024-10-05;2024-10-05 13:50:01.388590+00:00;2024-10-07;3087.513671875
36;hybas_1120641660;2024-10-05;2024-10-05 13:50:01.388590+00:00;2024-10-08;2934.26416015625
37;hybas_1120641660;2024-10-05;2024-10-05 13:50:01.388590+00:00;2024-10-09;2964.138916015625
38;hybas_1120641660;2024-10-05;2024-10-05 13:50:01.388590+00:00;2024-10-10;3051.114990234375
39;hybas_1120641660;2024-10-05;2024-10-05 13:50:01.388590+00:00;2024-10-11;3071.933349609375
40;hybas_1120641660;2024-10-06;2024-10-06 13:37:09.453214+00:00;2024-10-05;3169.582275390625
41;hybas_1120641660;2024-10-06;2024-10-06 13:37:09.453214+00:00;2024-10-06;3143.439453125
42;hybas_1120641660;2024-10-06;2024-10-06 13:37:09.453214+00:00;2024-10-07;3056.822509765625
43;hybas_1120641660;2024-10-06;2024-10-06 13:37:09.453214+00:00;2024-10-08;2956.05615234375
44;hybas_1120641660;2024-10-06;2024-10-06 13:37:09.453214+00:00;2024-10-09;2965.861572265625
45;hybas_1120641660;2024-10-06;2024-10-06 13:37:09.453214+00:00;2024-10-10;2993.049072265625
46;hybas_1120641660;2024-10-06;2024-10-06 13:37:09.453214+00:00;2024-10-11;3005.71875
47;hybas_1120641660;2024-10-06;2024-10-06 13:37:09.453214+00:00;2024-10-12;3042.622802734375
48;hybas_1120641660;2024-10-06;2024-10-06 23:40:44.148195+00:00;2024-10-06;3025.266845703125
49;hybas_1120641660;2024-10-06;2024-10-06 23:40:44.148195+00:00;2024-10-07;2946.257080078125
50;hybas_1120641660;2024-10-06;2024-10-06 23:40:44.148195+00:00;2024-10-08;2867.303955078125
51;hybas_1120641660;2024-10-06;2024-10-06 23:40:44.148195+00:00;2024-10-09;2876.98583984375
52;hybas_1120641660;2024-10-06;2024-10-06 23:40:44.148195+00:00;2024-10-10;2903.896240234375
53;hybas_1120641660;2024-10-06;2024-10-06 23:40:44.148195+00:00;2024-10-11;2928.067626953125
54;hybas_1120641660;2024-10-06;2024-10-06 23:40:44.148195+00:00;2024-10-12;2967.680908203125
55;hybas_1120641660;2024-10-06;2024-10-06 23:40:44.148195+00:00;2024-10-13;2983.48388671875
56;hybas_1121905290;2024-10-01;2024-10-01 13:38:49.361543+00:00;2024-09-30;4666.7822265625
57;hybas_1121905290;2024-10-01;2024-10-01 13:38:49.361543+00:00;2024-10-01;4602.44482421875
58;hybas_1121905290;2024-10-01;2024-10-01 13:38:49.361543+00:00;2024-10-02;4653.33984375
59;hybas_1121905290;2024-10-01;2024-10-01 13:38:49.361543+00:00;2024-10-03;4596.43017578125
60;hybas_1121905290;2024-10-01;2024-10-01 13:38:49.361543+00:00;2024-10-04;4527.81396484375
61;hybas_1121905290;2024-10-01;2024-10-01 13:38:49.361543+00:00;2024-10-05;4447.01708984375
62;hybas_1121905290;2024-10-01;2024-10-01 13:38:49.361543+00:00;2024-10-06;4302.607421875
63;hybas_1121905290;2024-10-01;2024-10-01 13:38:49.361543+00:00;2024-10-07;4119.8955078125
64;hybas_1121905290;2024-10-02;2024-10-02 13:53:00.701897+00:00;2024-10-01;4656.74072265625
65;hybas_1121905290;2024-10-02;2024-10-02 13:53:00.701897+00:00;2024-10-02;4697.3701171875
66;hybas_1121905290;2024-10-02;2024-10-02 13:53:00.701897+00:00;2024-10-03;4585.556640625
67;hybas_1121905290;2024-10-02;2024-10-02 13:53:00.701897+00:00;2024-10-04;4529.4931640625
68;hybas_1121905290;2024-10-02;2024-10-02 13:53:00.701897+00:00;2024-10-05;4435.48974609375
69;hybas_1121905290;2024-10-02;2024-10-02 13:53:00.701897+00:00;2024-10-06;4299.134765625
70;hybas_1121905290;2024-10-02;2024-10-02 13:53:00.701897+00:00;2024-10-07;4135.4931640625
71;hybas_1121905290;2024-10-02;2024-10-02 13:53:00.701897+00:00;2024-10-08;4026.090087890625
72;hybas_1121905290;2024-10-03;2024-10-03 13:44:16.009948+00:00;2024-10-02;4654.30029296875
73;hybas_1121905290;2024-10-03;2024-10-03 13:44:16.009948+00:00;2024-10-03;4566.423828125
74;hybas_1121905290;2024-10-03;2024-10-03 13:44:16.009948+00:00;2024-10-04;4509.91845703125
75;hybas_1121905290;2024-10-03;2024-10-03 13:44:16.009948+00:00;2024-10-05;4428.18603515625
76;hybas_1121905290;2024-10-03;2024-10-03 13:44:16.009948+00:00;2024-10-06;4357.03271484375
77;hybas_1121905290;2024-10-03;2024-10-03 13:44:16.009948+00:00;2024-10-07;4171.66943359375
78;hybas_1121905290;2024-10-03;2024-10-03 13:44:16.009948+00:00;2024-10-08;4067.501220703125
79;hybas_1121905290;2024-10-03;2024-10-03 13:44:16.009948+00:00;2024-10-09;4056.6025390625
80;hybas_1121905290;2024-10-04;2024-10-04 14:02:28.890260+00:00;2024-10-03;4517.9228515625
81;hybas_1121905290;2024-10-04;2024-10-04 14:02:28.890260+00:00;2024-10-04;4468.11279296875
82;hybas_1121905290;2024-10-04;2024-10-04 14:02:28.890260+00:00;2024-10-05;4422.71728515625
83;hybas_1121905290;2024-10-04;2024-10-04 14:02:28.890260+00:00;2024-10-06;4388.1005859375
84;hybas_1121905290;2024-10-04;2024-10-04 14:02:28.890260+00:00;2024-10-07;4253.44873046875
85;hybas_1121905290;2024-10-04;2024-10-04 14:02:28.890260+00:00;2024-10-08;4064.56298828125
86;hybas_1121905290;2024-10-04;2024-10-04 14:02:28.890260+00:00;2024-10-09;4076.842041015625
87;hybas_1121905290;2024-10-04;2024-10-04 14:02:28.890260+00:00;2024-10-10;4143.3466796875
88;hybas_1121905290;2024-10-05;2024-10-05 13:45:50.675510+00:00;2024-10-04;4535.18310546875
89;hybas_1121905290;2024-10-05;2024-10-05 13:45:50.675510+00:00;2024-10-05;4482.568359375
90;hybas_1121905290;2024-10-05;2024-10-05 13:45:50.675510+00:00;2024-10-06;4395.74462890625
91;hybas_1121905290;2024-10-05;2024-10-05 13:45:50.675510+00:00;2024-10-07;4233.1083984375
92;hybas_1121905290;2024-10-05;2024-10-05 13:45:50.675510+00:00;2024-10-08;4114.52294921875
93;hybas_1121905290;2024-10-05;2024-10-05 13:45:50.675510+00:00;2024-10-09;4145.21923828125
94;hybas_1121905290;2024-10-05;2024-10-05 13:45:50.675510+00:00;2024-10-10;4270.33251953125
95;hybas_1121905290;2024-10-05;2024-10-05 13:45:50.675510+00:00;2024-10-11;4193.9794921875
96;hybas_1121905290;2024-10-06;2024-10-06 13:33:22.198586+00:00;2024-10-05;4455.0751953125
97;hybas_1121905290;2024-10-06;2024-10-06 13:33:22.198586+00:00;2024-10-06;4283.7490234375
98;hybas_1121905290;2024-10-06;2024-10-06 13:33:22.198586+00:00;2024-10-07;4246.08740234375
99;hybas_1121905290;2024-10-06;2024-10-06 13:33:22.198586+00:00;2024-10-08;4079.2080078125
100;hybas_1121905290;2024-10-06;2024-10-06 13:33:22.198586+00:00;2024-10-09;4104.48828125
101;hybas_1121905290;2024-10-06;2024-10-06 13:33:22.198586+00:00;2024-10-10;4170.63720703125
102;hybas_1121905290;2024-10-06;2024-10-06 13:33:22.198586+00:00;2024-10-11;4182.41796875
103;hybas_1121905290;2024-10-06;2024-10-06 13:33:22.198586+00:00;2024-10-12;4161.8251953125
104;hybas_1121905290;2024-10-06;2024-10-06 23:41:48.294978+00:00;2024-10-06;4139.2109375
105;hybas_1121905290;2024-10-06;2024-10-06 23:41:48.294978+00:00;2024-10-07;4117.61767578125
106;hybas_1121905290;2024-10-06;2024-10-06 23:41:48.294978+00:00;2024-10-08;4084.813720703125
107;hybas_1121905290;2024-10-06;2024-10-06 23:41:48.294978+00:00;2024-10-09;4076.675048828125
108;hybas_1121905290;2024-10-06;2024-10-06 23:41:48.294978+00:00;2024-10-10;4123.408203125
109;hybas_1121905290;2024-10-06;2024-10-06 23:41:48.294978+00:00;2024-10-11;4147.3154296875
110;hybas_1121905290;2024-10-06;2024-10-06 23:41:48.294978+00:00;2024-10-12;4193.2294921875
111;hybas_1121905290;2024-10-06;2024-10-06 23:41:48.294978+00:00;2024-10-13;4126.27197265625
112;hybas_1120661040;2024-10-01;2024-10-01 13:38:09.182168+00:00;2024-09-30;28.202653884887695
113;hybas_1120661040;2024-10-01;2024-10-01 13:38:09.182168+00:00;2024-10-01;28.39091682434082
114;hybas_1120661040;2024-10-01;2024-10-01 13:38:09.182168+00:00;2024-10-02;26.361906051635742
115;hybas_1120661040;2024-10-01;2024-10-01 13:38:09.182168+00:00;2024-10-03;26.00457191467285
116;hybas_1120661040;2024-10-01;2024-10-01 13:38:09.182168+00:00;2024-10-04;21.68943977355957
117;hybas_1120661040;2024-10-01;2024-10-01 13:38:09.182168+00:00;2024-10-05;19.57027816772461
118;hybas_1120661040;2024-10-01;2024-10-01 13:38:09.182168+00:00;2024-10-06;17.715187072753906
119;hybas_1120661040;2024-10-01;2024-10-01 13:38:09.182168+00:00;2024-10-07;21.447925567626953
120;hybas_1120661040;2024-10-02;2024-10-02 13:55:48.553461+00:00;2024-10-01;27.52968978881836
121;hybas_1120661040;2024-10-02;2024-10-02 13:55:48.553461+00:00;2024-10-02;22.791484832763672
122;hybas_1120661040;2024-10-02;2024-10-02 13:55:48.553461+00:00;2024-10-03;21.94817543029785
123;hybas_1120661040;2024-10-02;2024-10-02 13:55:48.553461+00:00;2024-10-04;17.711814880371094
124;hybas_1120661040;2024-10-02;2024-10-02 13:55:48.553461+00:00;2024-10-05;17.836162567138672
125;hybas_1120661040;2024-10-02;2024-10-02 13:55:48.553461+00:00;2024-10-06;18.441713333129883
126;hybas_1120661040;2024-10-02;2024-10-02 13:55:48.553461+00:00;2024-10-07;24.181623458862305
127;hybas_1120661040;2024-10-02;2024-10-02 13:55:48.553461+00:00;2024-10-08;36.09605407714844
128;hybas_1120661040;2024-10-03;2024-10-03 13:39:46.123855+00:00;2024-10-02;22.519948959350586
129;hybas_1120661040;2024-10-03;2024-10-03 13:39:46.123855+00:00;2024-10-03;20.454572677612305
130;hybas_1120661040;2024-10-03;2024-10-03 13:39:46.123855+00:00;2024-10-04;17.173410415649414
131;hybas_1120661040;2024-10-03;2024-10-03 13:39:46.123855+00:00;2024-10-05;15.689300537109375
132;hybas_1120661040;2024-10-03;2024-10-03 13:39:46.123855+00:00;2024-10-06;13.877129554748535
133;hybas_1120661040;2024-10-03;2024-10-03 13:39:46.123855+00:00;2024-10-07;16.10129737854004
134;hybas_1120661040;2024-10-03;2024-10-03 13:39:46.123855+00:00;2024-10-08;18.228622436523438
135;hybas_1120661040;2024-10-03;2024-10-03 13:39:46.123855+00:00;2024-10-09;19.95821189880371
136;hybas_1120661040;2024-10-04;2024-10-04 13:58:14.649528+00:00;2024-10-03;20.535846710205078
137;hybas_1120661040;2024-10-04;2024-10-04 13:58:14.649528+00:00;2024-10-04;18.1256046295166
138;hybas_1120661040;2024-10-04;2024-10-04 13:58:14.649528+00:00;2024-10-05;15.931421279907227
139;hybas_1120661040;2024-10-04;2024-10-04 13:58:14.649528+00:00;2024-10-06;15.844480514526367
140;hybas_1120661040;2024-10-04;2024-10-04 13:58:14.649528+00:00;2024-10-07;16.969043731689453
141;hybas_1120661040;2024-10-04;2024-10-04 13:58:14.649528+00:00;2024-10-08;25.95576286315918
142;hybas_1120661040;2024-10-04;2024-10-04 13:58:14.649528+00:00;2024-10-09;27.51428985595703
143;hybas_1120661040;2024-10-04;2024-10-04 13:58:14.649528+00:00;2024-10-10;17.214656829833984
144;hybas_1120661040;2024-10-05;2024-10-05 13:49:27.234273+00:00;2024-10-04;18.119735717773438
145;hybas_1120661040;2024-10-05;2024-10-05 13:49:27.234273+00:00;2024-10-05;15.819364547729492
146;hybas_1120661040;2024-10-05;2024-10-05 13:49:27.234273+00:00;2024-10-06;14.166521072387695
147;hybas_1120661040;2024-10-05;2024-10-05 13:49:27.234273+00:00;2024-10-07;15.551360130310059
148;hybas_1120661040;2024-10-05;2024-10-05 13:49:27.234273+00:00;2024-10-08;16.525972366333008
149;hybas_1120661040;2024-10-05;2024-10-05 13:49:27.234273+00:00;2024-10-09;20.00493812561035
150;hybas_1120661040;2024-10-05;2024-10-05 13:49:27.234273+00:00;2024-10-10;14.6373929977417
151;hybas_1120661040;2024-10-05;2024-10-05 13:49:27.234273+00:00;2024-10-11;11.692222595214844
152;hybas_1120661040;2024-10-06;2024-10-06 13:33:22.202675+00:00;2024-10-05;15.605284690856934
153;hybas_1120661040;2024-10-06;2024-10-06 13:33:22.202675+00:00;2024-10-06;13.744168281555176
154;hybas_1120661040;2024-10-06;2024-10-06 13:33:22.202675+00:00;2024-10-07;14.947224617004395
155;hybas_1120661040;2024-10-06;2024-10-06 13:33:22.202675+00:00;2024-10-08;15.989480972290039
156;hybas_1120661040;2024-10-06;2024-10-06 13:33:22.202675+00:00;2024-10-09;20.869537353515625
157;hybas_1120661040;2024-10-06;2024-10-06 13:33:22.202675+00:00;2024-10-10;20.339073181152344
158;hybas_1120661040;2024-10-06;2024-10-06 13:33:22.202675+00:00;2024-10-11;13.71196460723877
159;hybas_1120661040;2024-10-06;2024-10-06 13:33:22.202675+00:00;2024-10-12;11.73939323425293
160;hybas_1120661040;2024-10-06;2024-10-06 23:41:48.863597+00:00;2024-10-06;14.661540031433105
161;hybas_1120661040;2024-10-06;2024-10-06 23:41:48.863597+00:00;2024-10-07;15.135045051574707
162;hybas_1120661040;2024-10-06;2024-10-06 23:41:48.863597+00:00;2024-10-08;16.244874954223633
163;hybas_1120661040;2024-10-06;2024-10-06 23:41:48.863597+00:00;2024-10-09;25.93288803100586
164;hybas_1120661040;2024-10-06;2024-10-06 23:41:48.863597+00:00;2024-10-10;32.27409744262695
165;hybas_1120661040;2024-10-06;2024-10-06 23:41:48.863597+00:00;2024-10-11;18.59185791015625
166;hybas_1120661040;2024-10-06;2024-10-06 23:41:48.863597+00:00;2024-10-12;19.759449005126953
167;hybas_1120661040;2024-10-06;2024-10-06 23:41:48.863597+00:00;2024-10-13;16.901865005493164
168;hybas_1120758950;2024-10-01;2024-10-01 13:38:12.804671+00:00;2024-09-30;705.0725708007812
169;hybas_1120758950;2024-10-01;2024-10-01 13:38:12.804671+00:00;2024-10-01;683.4683837890625
170;hybas_1120758950;2024-10-01;2024-10-01 13:38:12.804671+00:00;2024-10-02;670.7373657226562
171;hybas_1120758950;2024-10-01;2024-10-01 13:38:12.804671+00:00;2024-10-03;645.144775390625
172;hybas_1120758950;2024-10-01;2024-10-01 13:38:12.804671+00:00;2024-10-04;641.4901733398438
173;hybas_1120758950;2024-10-01;2024-10-01 13:38:12.804671+00:00;2024-10-05;617.4514770507812
174;hybas_1120758950;2024-10-01;2024-10-01 13:38:12.804671+00:00;2024-10-06;590.9735717773438
175;hybas_1120758950;2024-10-01;2024-10-01 13:38:12.804671+00:00;2024-10-07;591.2872314453125
176;hybas_1120758950;2024-10-02;2024-10-02 13:53:05.238249+00:00;2024-10-01;690.1759033203125
177;hybas_1120758950;2024-10-02;2024-10-02 13:53:05.238249+00:00;2024-10-02;666.2481079101562
178;hybas_1120758950;2024-10-02;2024-10-02 13:53:05.238249+00:00;2024-10-03;631.13671875
179;hybas_1120758950;2024-10-02;2024-10-02 13:53:05.238249+00:00;2024-10-04;627.2605590820312
180;hybas_1120758950;2024-10-02;2024-10-02 13:53:05.238249+00:00;2024-10-05;607.4901123046875
181;hybas_1120758950;2024-10-02;2024-10-02 13:53:05.238249+00:00;2024-10-06;581.5692138671875
182;hybas_1120758950;2024-10-02;2024-10-02 13:53:05.238249+00:00;2024-10-07;568.1881103515625
183;hybas_1120758950;2024-10-02;2024-10-02 13:53:05.238249+00:00;2024-10-08;545.4342041015625
184;hybas_1120758950;2024-10-03;2024-10-03 13:39:46.123312+00:00;2024-10-02;675.6033325195312
185;hybas_1120758950;2024-10-03;2024-10-03 13:39:46.123312+00:00;2024-10-03;642.5753173828125
186;hybas_1120758950;2024-10-03;2024-10-03 13:39:46.123312+00:00;2024-10-04;631.068359375
187;hybas_1120758950;2024-10-03;2024-10-03 13:39:46.123312+00:00;2024-10-05;621.2529907226562
188;hybas_1120758950;2024-10-03;2024-10-03 13:39:46.123312+00:00;2024-10-06;600.2532348632812
189;hybas_1120758950;2024-10-03;2024-10-03 13:39:46.123312+00:00;2024-10-07;583.6717529296875
190;hybas_1120758950;2024-10-03;2024-10-03 13:39:46.123312+00:00;2024-10-08;564.962890625
191;hybas_1120758950;2024-10-03;2024-10-03 13:39:46.123312+00:00;2024-10-09;547.8252563476562
192;hybas_1120758950;2024-10-04;2024-10-04 13:58:14.849354+00:00;2024-10-03;629.1403198242188
193;hybas_1120758950;2024-10-04;2024-10-04 13:58:14.849354+00:00;2024-10-04;615.3258666992188
194;hybas_1120758950;2024-10-04;2024-10-04 13:58:14.849354+00:00;2024-10-05;607.87744140625
195;hybas_1120758950;2024-10-04;2024-10-04 13:58:14.849354+00:00;2024-10-06;599.5042114257812
196;hybas_1120758950;2024-10-04;2024-10-04 13:58:14.849354+00:00;2024-10-07;586.8414306640625
197;hybas_1120758950;2024-10-04;2024-10-04 13:58:14.849354+00:00;2024-10-08;568.2398071289062
198;hybas_1120758950;2024-10-04;2024-10-04 13:58:14.849354+00:00;2024-10-09;561.3469848632812
199;hybas_1120758950;2024-10-04;2024-10-04 13:58:14.849354+00:00;2024-10-10;557.8871459960938
200;hybas_1120758950;2024-10-05;2024-10-05 13:46:04.856979+00:00;2024-10-04;624.6359252929688
201;hybas_1120758950;2024-10-05;2024-10-05 13:46:04.856979+00:00;2024-10-05;619.4639282226562
202;hybas_1120758950;2024-10-05;2024-10-05 13:46:04.856979+00:00;2024-10-06;604.0708618164062
203;hybas_1120758950;2024-10-05;2024-10-05 13:46:04.856979+00:00;2024-10-07;586.7001342773438
204;hybas_1120758950;2024-10-05;2024-10-05 13:46:04.856979+00:00;2024-10-08;574.1700439453125
205;hybas_1120758950;2024-10-05;2024-10-05 13:46:04.856979+00:00;2024-10-09;564.20703125
206;hybas_1120758950;2024-10-05;2024-10-05 13:46:04.856979+00:00;2024-10-10;556.6785278320312
207;hybas_1120758950;2024-10-05;2024-10-05 13:46:04.856979+00:00;2024-10-11;552.1478881835938
208;hybas_1120758950;2024-10-06;2024-10-06 13:33:22.202066+00:00;2024-10-05;588.1319580078125
209;hybas_1120758950;2024-10-06;2024-10-06 13:33:22.202066+00:00;2024-10-06;578.078125
210;hybas_1120758950;2024-10-06;2024-10-06 13:33:22.202066+00:00;2024-10-07;579.0535278320312
211;hybas_1120758950;2024-10-06;2024-10-06 13:33:22.202066+00:00;2024-10-08;604.7572021484375
212;hybas_1120758950;2024-10-06;2024-10-06 13:33:22.202066+00:00;2024-10-09;640.5400390625
213;hybas_1120758950;2024-10-06;2024-10-06 13:33:22.202066+00:00;2024-10-10;655.94580078125
214;hybas_1120758950;2024-10-06;2024-10-06 13:33:22.202066+00:00;2024-10-11;658.8499755859375
215;hybas_1120758950;2024-10-06;2024-10-06 13:33:22.202066+00:00;2024-10-12;656.4442138671875
216;hybas_1120758950;2024-10-06;2024-10-06 23:41:48.292075+00:00;2024-10-06;583.8378295898438
217;hybas_1120758950;2024-10-06;2024-10-06 23:41:48.292075+00:00;2024-10-07;586.5175170898438
218;hybas_1120758950;2024-10-06;2024-10-06 23:41:48.292075+00:00;2024-10-08;626.669677734375
219;hybas_1120758950;2024-10-06;2024-10-06 23:41:48.292075+00:00;2024-10-09;668.2171020507812
220;hybas_1120758950;2024-10-06;2024-10-06 23:41:48.292075+00:00;2024-10-10;694.0016479492188
221;hybas_1120758950;2024-10-06;2024-10-06 23:41:48.292075+00:00;2024-10-11;705.747314453125
222;hybas_1120758950;2024-10-06;2024-10-06 23:41:48.292075+00:00;2024-10-12;705.0692138671875
223;hybas_1120758950;2024-10-06;2024-10-06 23:41:48.292075+00:00;2024-10-13;694.9529418945312
224;hybas_1120689830;2024-10-01;2024-10-01 13:39:18.239637+00:00;2024-09-30;4765.57861328125
225;hybas_1120689830;2024-10-01;2024-10-01 13:39:18.239637+00:00;2024-10-01;4775.9638671875
226;hybas_1120689830;2024-10-01;2024-10-01 13:39:18.239637+00:00;2024-10-02;4708.794921875
227;hybas_1120689830;2024-10-01;2024-10-01 13:39:18.239637+00:00;2024-10-03;4643.4013671875
228;hybas_1120689830;2024-10-01;2024-10-01 13:39:18.239637+00:00;2024-10-04;4592.80224609375
229;hybas_1120689830;2024-10-01;2024-10-01 13:39:18.239637+00:00;2024-10-05;4514.93017578125
230;hybas_1120689830;2024-10-01;2024-10-01 13:39:18.239637+00:00;2024-10-06;4376.9482421875
231;hybas_1120689830;2024-10-01;2024-10-01 13:39:18.239637+00:00;2024-10-07;4236.3173828125
232;hybas_1120689830;2024-10-02;2024-10-02 13:53:03.797525+00:00;2024-10-01;4775.919921875
233;hybas_1120689830;2024-10-02;2024-10-02 13:53:03.797525+00:00;2024-10-02;4741.68115234375
234;hybas_1120689830;2024-10-02;2024-10-02 13:53:03.797525+00:00;2024-10-03;4623.75537109375
235;hybas_1120689830;2024-10-02;2024-10-02 13:53:03.797525+00:00;2024-10-04;4579.697265625
236;hybas_1120689830;2024-10-02;2024-10-02 13:53:03.797525+00:00;2024-10-05;4497.52978515625
237;hybas_1120689830;2024-10-02;2024-10-02 13:53:03.797525+00:00;2024-10-06;4379.4921875
238;hybas_1120689830;2024-10-02;2024-10-02 13:53:03.797525+00:00;2024-10-07;4228.62841796875
239;hybas_1120689830;2024-10-02;2024-10-02 13:53:03.797525+00:00;2024-10-08;4137.7529296875
240;hybas_1120689830;2024-10-03;2024-10-03 13:44:02.391829+00:00;2024-10-02;4681.4375
241;hybas_1120689830;2024-10-03;2024-10-03 13:44:02.391829+00:00;2024-10-03;4621.98779296875
242;hybas_1120689830;2024-10-03;2024-10-03 13:44:02.391829+00:00;2024-10-04;4554.7216796875
243;hybas_1120689830;2024-10-03;2024-10-03 13:44:02.391829+00:00;2024-10-05;4480.15966796875
244;hybas_1120689830;2024-10-03;2024-10-03 13:44:02.391829+00:00;2024-10-06;4420.7880859375
245;hybas_1120689830;2024-10-03;2024-10-03 13:44:02.391829+00:00;2024-10-07;4280.30419921875
246;hybas_1120689830;2024-10-03;2024-10-03 13:44:02.391829+00:00;2024-10-08;4209.97119140625
247;hybas_1120689830;2024-10-03;2024-10-03 13:44:02.391829+00:00;2024-10-09;4193.8974609375
248;hybas_1120689830;2024-10-04;2024-10-04 13:58:14.649401+00:00;2024-10-03;4559.60986328125
249;hybas_1120689830;2024-10-04;2024-10-04 13:58:14.649401+00:00;2024-10-04;4521.1376953125
250;hybas_1120689830;2024-10-04;2024-10-04 13:58:14.649401+00:00;2024-10-05;4472.33544921875
251;hybas_1120689830;2024-10-04;2024-10-04 13:58:14.649401+00:00;2024-10-06;4439.78662109375
252;hybas_1120689830;2024-10-04;2024-10-04 13:58:14.649401+00:00;2024-10-07;4331.34228515625
253;hybas_1120689830;2024-10-04;2024-10-04 13:58:14.649401+00:00;2024-10-08;4210.58837890625
254;hybas_1120689830;2024-10-04;2024-10-04 13:58:14.649401+00:00;2024-10-09;4200.3193359375
255;hybas_1120689830;2024-10-04;2024-10-04 13:58:14.649401+00:00;2024-10-10;4272.080078125
256;hybas_1120689830;2024-10-05;2024-10-05 13:49:55.040197+00:00;2024-10-04;4580.9951171875
257;hybas_1120689830;2024-10-05;2024-10-05 13:49:55.040197+00:00;2024-10-05;4532.17236328125
258;hybas_1120689830;2024-10-05;2024-10-05 13:49:55.040197+00:00;2024-10-06;4444.28564453125
259;hybas_1120689830;2024-10-05;2024-10-05 13:49:55.040197+00:00;2024-10-07;4351.9541015625
260;hybas_1120689830;2024-10-05;2024-10-05 13:49:55.040197+00:00;2024-10-08;4294.46630859375
261;hybas_1120689830;2024-10-05;2024-10-05 13:49:55.040197+00:00;2024-10-09;4286.888671875
262;hybas_1120689830;2024-10-05;2024-10-05 13:49:55.040197+00:00;2024-10-10;4397.80859375
263;hybas_1120689830;2024-10-05;2024-10-05 13:49:55.040197+00:00;2024-10-11;4329.01416015625
264;hybas_1120689830;2024-10-06;2024-10-06 13:33:27.228360+00:00;2024-10-05;4493.98193359375
265;hybas_1120689830;2024-10-06;2024-10-06 13:33:27.228360+00:00;2024-10-06;4338.556640625
266;hybas_1120689830;2024-10-06;2024-10-06 13:33:27.228360+00:00;2024-10-07;4305.0234375
267;hybas_1120689830;2024-10-06;2024-10-06 13:33:27.228360+00:00;2024-10-08;4184.28564453125
268;hybas_1120689830;2024-10-06;2024-10-06 13:33:27.228360+00:00;2024-10-09;4189.8330078125
269;hybas_1120689830;2024-10-06;2024-10-06 13:33:27.228360+00:00;2024-10-10;4280.42431640625
270;hybas_1120689830;2024-10-06;2024-10-06 13:33:27.228360+00:00;2024-10-11;4288.13232421875
271;hybas_1120689830;2024-10-06;2024-10-06 13:33:27.228360+00:00;2024-10-12;4255.11767578125
272;hybas_1120689830;2024-10-06;2024-10-06 23:41:48.294839+00:00;2024-10-06;4371.068359375
273;hybas_1120689830;2024-10-06;2024-10-06 23:41:48.294839+00:00;2024-10-07;4376.30029296875
274;hybas_1120689830;2024-10-06;2024-10-06 23:41:48.294839+00:00;2024-10-08;4300.87548828125
275;hybas_1120689830;2024-10-06;2024-10-06 23:41:48.294839+00:00;2024-10-09;4250.158203125
276;hybas_1120689830;2024-10-06;2024-10-06 23:41:48.294839+00:00;2024-10-10;4300.86669921875
277;hybas_1120689830;2024-10-06;2024-10-06 23:41:48.294839+00:00;2024-10-11;4320.5263671875
278;hybas_1120689830;2024-10-06;2024-10-06 23:41:48.294839+00:00;2024-10-12;4359.76318359375
279;hybas_1120689830;2024-10-06;2024-10-06 23:41:48.294839+00:00;2024-10-13;4329.81640625
280;hybas_1120739110;2024-10-01;2024-10-01 13:35:07.378087+00:00;2024-09-30;811.14111328125
281;hybas_1120739110;2024-10-01;2024-10-01 13:35:07.378087+00:00;2024-10-01;761.188232421875
282;hybas_1120739110;2024-10-01;2024-10-01 13:35:07.378087+00:00;2024-10-02;750.1865844726562
283;hybas_1120739110;2024-10-01;2024-10-01 13:35:07.378087+00:00;2024-10-03;726.5751342773438
284;hybas_1120739110;2024-10-01;2024-10-01 13:35:07.378087+00:00;2024-10-04;696.64990234375
285;hybas_1120739110;2024-10-01;2024-10-01 13:35:07.378087+00:00;2024-10-05;656.9988403320312
286;hybas_1120739110;2024-10-01;2024-10-01 13:35:07.378087+00:00;2024-10-06;631.4960327148438
287;hybas_1120739110;2024-10-01;2024-10-01 13:35:07.378087+00:00;2024-10-07;630.22998046875
288;hybas_1120739110;2024-10-02;2024-10-02 13:56:25.896967+00:00;2024-10-01;770.6104125976562
289;hybas_1120739110;2024-10-02;2024-10-02 13:56:25.896967+00:00;2024-10-02;748.4132690429688
290;hybas_1120739110;2024-10-02;2024-10-02 13:56:25.896967+00:00;2024-10-03;729.3045043945312
291;hybas_1120739110;2024-10-02;2024-10-02 13:56:25.896967+00:00;2024-10-04;699.1660766601562
292;hybas_1120739110;2024-10-02;2024-10-02 13:56:25.896967+00:00;2024-10-05;663.31787109375
293;hybas_1120739110;2024-10-02;2024-10-02 13:56:25.896967+00:00;2024-10-06;625.3357543945312
294;hybas_1120739110;2024-10-02;2024-10-02 13:56:25.896967+00:00;2024-10-07;624.146240234375
295;hybas_1120739110;2024-10-02;2024-10-02 13:56:25.896967+00:00;2024-10-08;597.196044921875
296;hybas_1120739110;2024-10-03;2024-10-03 13:43:11.267654+00:00;2024-10-02;761.015380859375
297;hybas_1120739110;2024-10-03;2024-10-03 13:43:11.267654+00:00;2024-10-03;736.28564453125
298;hybas_1120739110;2024-10-03;2024-10-03 13:43:11.267654+00:00;2024-10-04;710.1621704101562
299;hybas_1120739110;2024-10-03;2024-10-03 13:43:11.267654+00:00;2024-10-05;673.7442626953125
300;hybas_1120739110;2024-10-03;2024-10-03 13:43:11.267654+00:00;2024-10-06;655.6954345703125
301;hybas_1120739110;2024-10-03;2024-10-03 13:43:11.267654+00:00;2024-10-07;636.6251220703125
302;hybas_1120739110;2024-10-03;2024-10-03 13:43:11.267654+00:00;2024-10-08;618.8595581054688
303;hybas_1120739110;2024-10-03;2024-10-03 13:43:11.267654+00:00;2024-10-09;604.2350463867188
304;hybas_1120739110;2024-10-04;2024-10-04 14:01:40.432354+00:00;2024-10-03;733.8522338867188
305;hybas_1120739110;2024-10-04;2024-10-04 14:01:40.432354+00:00;2024-10-04;681.0651245117188
306;hybas_1120739110;2024-10-04;2024-10-04 14:01:40.432354+00:00;2024-10-05;661.353515625
307;hybas_1120739110;2024-10-04;2024-10-04 14:01:40.432354+00:00;2024-10-06;652.7953491210938
308;hybas_1120739110;2024-10-04;2024-10-04 14:01:40.432354+00:00;2024-10-07;635.880859375
309;hybas_1120739110;2024-10-04;2024-10-04 14:01:40.432354+00:00;2024-10-08;626.5852661132812
310;hybas_1120739110;2024-10-04;2024-10-04 14:01:40.432354+00:00;2024-10-09;625.599609375
311;hybas_1120739110;2024-10-04;2024-10-04 14:01:40.432354+00:00;2024-10-10;630.0046997070312
312;hybas_1120739110;2024-10-05;2024-10-05 13:45:50.670805+00:00;2024-10-04;701.043212890625
313;hybas_1120739110;2024-10-05;2024-10-05 13:45:50.670805+00:00;2024-10-05;662.1701049804688
314;hybas_1120739110;2024-10-05;2024-10-05 13:45:50.670805+00:00;2024-10-06;651.8848876953125
315;hybas_1120739110;2024-10-05;2024-10-05 13:45:50.670805+00:00;2024-10-07;633.509521484375
316;hybas_1120739110;2024-10-05;2024-10-05 13:45:50.670805+00:00;2024-10-08;637.6583251953125
317;hybas_1120739110;2024-10-05;2024-10-05 13:45:50.670805+00:00;2024-10-09;655.435791015625
318;hybas_1120739110;2024-10-05;2024-10-05 13:45:50.670805+00:00;2024-10-10;653.3121337890625
319;hybas_1120739110;2024-10-05;2024-10-05 13:45:50.670805+00:00;2024-10-11;642.0104370117188
320;hybas_1120739110;2024-10-06;2024-10-06 13:33:22.202705+00:00;2024-10-05;644.388916015625
321;hybas_1120739110;2024-10-06;2024-10-06 13:33:22.202705+00:00;2024-10-06;627.1159057617188
322;hybas_1120739110;2024-10-06;2024-10-06 13:33:22.202705+00:00;2024-10-07;632.8028564453125
323;hybas_1120739110;2024-10-06;2024-10-06 13:33:22.202705+00:00;2024-10-08;677.57568359375
324;hybas_1120739110;2024-10-06;2024-10-06 13:33:22.202705+00:00;2024-10-09;725.1533813476562
325;hybas_1120739110;2024-10-06;2024-10-06 13:33:22.202705+00:00;2024-10-10;750.9473266601562
326;hybas_1120739110;2024-10-06;2024-10-06 13:33:22.202705+00:00;2024-10-11;754.324951171875
327;hybas_1120739110;2024-10-06;2024-10-06 13:33:22.202705+00:00;2024-10-12;735.6336669921875
328;hybas_1120739110;2024-10-06;2024-10-06 23:41:48.295641+00:00;2024-10-06;624.9766845703125
329;hybas_1120739110;2024-10-06;2024-10-06 23:41:48.295641+00:00;2024-10-07;632.4258422851562
330;hybas_1120739110;2024-10-06;2024-10-06 23:41:48.295641+00:00;2024-10-08;699.4771728515625
331;hybas_1120739110;2024-10-06;2024-10-06 23:41:48.295641+00:00;2024-10-09;756.27099609375
332;hybas_1120739110;2024-10-06;2024-10-06 23:41:48.295641+00:00;2024-10-10;825.4112548828125
333;hybas_1120739110;2024-10-06;2024-10-06 23:41:48.295641+00:00;2024-10-11;847.5598754882812
334;hybas_1120739110;2024-10-06;2024-10-06 23:41:48.295641+00:00;2024-10-12;820.542724609375
335;hybas_1120739110;2024-10-06;2024-10-06 23:41:48.295641+00:00;2024-10-13;775.3309326171875
336;hybas_1120737100;2024-10-01;2024-10-01 13:38:30.246543+00:00;2024-09-30;3557.492919921875
337;hybas_1120737100;2024-10-01;2024-10-01 13:38:30.246543+00:00;2024-10-01;3622.42919921875
338;hybas_1120737100;2024-10-01;2024-10-01 13:38:30.246543+00:00;2024-10-02;3557.10986328125
339;hybas_1120737100;2024-10-01;2024-10-01 13:38:30.246543+00:00;2024-10-03;3530.977294921875
340;hybas_1120737100;2024-10-01;2024-10-01 13:38:30.246543+00:00;2024-10-04;3468.671875
341;hybas_1120737100;2024-10-01;2024-10-01 13:38:30.246543+00:00;2024-10-05;3396.260498046875
342;hybas_1120737100;2024-10-01;2024-10-01 13:38:30.246543+00:00;2024-10-06;3315.283447265625
343;hybas_1120737100;2024-10-01;2024-10-01 13:38:30.246543+00:00;2024-10-07;3242.193115234375
344;hybas_1120737100;2024-10-02;2024-10-02 13:56:23.997304+00:00;2024-10-01;3659.369384765625
345;hybas_1120737100;2024-10-02;2024-10-02 13:56:23.997304+00:00;2024-10-02;3610.818359375
346;hybas_1120737100;2024-10-02;2024-10-02 13:56:23.997304+00:00;2024-10-03;3557.487060546875
347;hybas_1120737100;2024-10-02;2024-10-02 13:56:23.997304+00:00;2024-10-04;3526.01904296875
348;hybas_1120737100;2024-10-02;2024-10-02 13:56:23.997304+00:00;2024-10-05;3467.541748046875
349;hybas_1120737100;2024-10-02;2024-10-02 13:56:23.997304+00:00;2024-10-06;3349.67822265625
350;hybas_1120737100;2024-10-02;2024-10-02 13:56:23.997304+00:00;2024-10-07;3285.01025390625
351;hybas_1120737100;2024-10-02;2024-10-02 13:56:23.997304+00:00;2024-10-08;3276.616943359375
352;hybas_1120737100;2024-10-03;2024-10-03 13:44:21.569849+00:00;2024-10-02;3564.769287109375
353;hybas_1120737100;2024-10-03;2024-10-03 13:44:21.569849+00:00;2024-10-03;3572.025634765625
354;hybas_1120737100;2024-10-03;2024-10-03 13:44:21.569849+00:00;2024-10-04;3538.44287109375
355;hybas_1120737100;2024-10-03;2024-10-03 13:44:21.569849+00:00;2024-10-05;3486.179443359375
356;hybas_1120737100;2024-10-03;2024-10-03 13:44:21.569849+00:00;2024-10-06;3346.61962890625
357;hybas_1120737100;2024-10-03;2024-10-03 13:44:21.569849+00:00;2024-10-07;3323.676513671875
358;hybas_1120737100;2024-10-03;2024-10-03 13:44:21.569849+00:00;2024-10-08;3323.854736328125
359;hybas_1120737100;2024-10-03;2024-10-03 13:44:21.569849+00:00;2024-10-09;3253.10302734375
360;hybas_1120737100;2024-10-04;2024-10-04 14:01:50.558068+00:00;2024-10-03;3539.38427734375
361;hybas_1120737100;2024-10-04;2024-10-04 14:01:50.558068+00:00;2024-10-04;3500.97119140625
362;hybas_1120737100;2024-10-04;2024-10-04 14:01:50.558068+00:00;2024-10-05;3488.83056640625
363;hybas_1120737100;2024-10-04;2024-10-04 14:01:50.558068+00:00;2024-10-06;3383.857421875
364;hybas_1120737100;2024-10-04;2024-10-04 14:01:50.558068+00:00;2024-10-07;3324.088134765625
365;hybas_1120737100;2024-10-04;2024-10-04 14:01:50.558068+00:00;2024-10-08;3330.97607421875
366;hybas_1120737100;2024-10-04;2024-10-04 14:01:50.558068+00:00;2024-10-09;3319.18359375
367;hybas_1120737100;2024-10-04;2024-10-04 14:01:50.558068+00:00;2024-10-10;3269.981201171875
368;hybas_1120737100;2024-10-05;2024-10-05 13:47:31.711118+00:00;2024-10-04;3569.110107421875
369;hybas_1120737100;2024-10-05;2024-10-05 13:47:31.711118+00:00;2024-10-05;3524.73291015625
370;hybas_1120737100;2024-10-05;2024-10-05 13:47:31.711118+00:00;2024-10-06;3453.22314453125
371;hybas_1120737100;2024-10-05;2024-10-05 13:47:31.711118+00:00;2024-10-07;3432.211181640625
372;hybas_1120737100;2024-10-05;2024-10-05 13:47:31.711118+00:00;2024-10-08;3479.81982421875
373;hybas_1120737100;2024-10-05;2024-10-05 13:47:31.711118+00:00;2024-10-09;3489.680908203125
374;hybas_1120737100;2024-10-05;2024-10-05 13:47:31.711118+00:00;2024-10-10;3395.160400390625
375;hybas_1120737100;2024-10-05;2024-10-05 13:47:31.711118+00:00;2024-10-11;3384.272705078125
376;hybas_1120737100;2024-10-06;2024-10-06 13:36:21.538374+00:00;2024-10-05;3507.62939453125
377;hybas_1120737100;2024-10-06;2024-10-06 13:36:21.538374+00:00;2024-10-06;3435.486083984375
378;hybas_1120737100;2024-10-06;2024-10-06 13:36:21.538374+00:00;2024-10-07;3397.033447265625
379;hybas_1120737100;2024-10-06;2024-10-06 13:36:21.538374+00:00;2024-10-08;3378.321044921875
380;hybas_1120737100;2024-10-06;2024-10-06 13:36:21.538374+00:00;2024-10-09;3425.377197265625
381;hybas_1120737100;2024-10-06;2024-10-06 13:36:21.538374+00:00;2024-10-10;3302.196044921875
382;hybas_1120737100;2024-10-06;2024-10-06 13:36:21.538374+00:00;2024-10-11;3324.91552734375
383;hybas_1120737100;2024-10-06;2024-10-06 13:36:21.538374+00:00;2024-10-12;3331.534912109375
384;hybas_1120737100;2024-10-06;2024-10-06 23:40:44.143139+00:00;2024-10-06;3428.8408203125
385;hybas_1120737100;2024-10-06;2024-10-06 23:40:44.143139+00:00;2024-10-07;3381.625732421875
386;hybas_1120737100;2024-10-06;2024-10-06 23:40:44.143139+00:00;2024-10-08;3383.1640625
387;hybas_1120737100;2024-10-06;2024-10-06 23:40:44.143139+00:00;2024-10-09;3386.614501953125
388;hybas_1120737100;2024-10-06;2024-10-06 23:40:44.143139+00:00;2024-10-10;3325.552734375
389;hybas_1120737100;2024-10-06;2024-10-06 23:40:44.143139+00:00;2024-10-11;3343.1328125
390;hybas_1120737100;2024-10-06;2024-10-06 23:40:44.143139+00:00;2024-10-12;3307.18408203125
391;hybas_1120737100;2024-10-06;2024-10-06 23:40:44.143139+00:00;2024-10-13;3305.313232421875
392;hybas_1121900350;2024-10-01;2024-10-01 13:38:02.212553+00:00;2024-09-30;4588.06103515625
393;hybas_1121900350;2024-10-01;2024-10-01 13:38:02.212553+00:00;2024-10-01;4596.99658203125
394;hybas_1121900350;2024-10-01;2024-10-01 13:38:02.212553+00:00;2024-10-02;4573.6787109375
395;hybas_1121900350;2024-10-01;2024-10-01 13:38:02.212553+00:00;2024-10-03;4512.68603515625
396;hybas_1121900350;2024-10-01;2024-10-01 13:38:02.212553+00:00;2024-10-04;4451.32763671875
397;hybas_1121900350;2024-10-01;2024-10-01 13:38:02.212553+00:00;2024-10-05;4368.3671875
398;hybas_1121900350;2024-10-01;2024-10-01 13:38:02.212553+00:00;2024-10-06;4230.33740234375
399;hybas_1121900350;2024-10-01;2024-10-01 13:38:02.212553+00:00;2024-10-07;4132.32080078125
400;hybas_1121900350;2024-10-02;2024-10-02 13:53:00.707049+00:00;2024-10-01;4627.7841796875
401;hybas_1121900350;2024-10-02;2024-10-02 13:53:00.707049+00:00;2024-10-02;4607.35009765625
402;hybas_1121900350;2024-10-02;2024-10-02 13:53:00.707049+00:00;2024-10-03;4510.98046875
403;hybas_1121900350;2024-10-02;2024-10-02 13:53:00.707049+00:00;2024-10-04;4464.00439453125
404;hybas_1121900350;2024-10-02;2024-10-02 13:53:00.707049+00:00;2024-10-05;4366.1064453125
405;hybas_1121900350;2024-10-02;2024-10-02 13:53:00.707049+00:00;2024-10-06;4228.82080078125
406;hybas_1121900350;2024-10-02;2024-10-02 13:53:00.707049+00:00;2024-10-07;4135.16064453125
407;hybas_1121900350;2024-10-02;2024-10-02 13:53:00.707049+00:00;2024-10-08;4092.224853515625
408;hybas_1121900350;2024-10-03;2024-10-03 13:39:46.128697+00:00;2024-10-02;4583.24072265625
409;hybas_1121900350;2024-10-03;2024-10-03 13:39:46.128697+00:00;2024-10-03;4529.3017578125
410;hybas_1121900350;2024-10-03;2024-10-03 13:39:46.128697+00:00;2024-10-04;4418.736328125
411;hybas_1121900350;2024-10-03;2024-10-03 13:39:46.128697+00:00;2024-10-05;4342.3037109375
412;hybas_1121900350;2024-10-03;2024-10-03 13:39:46.128697+00:00;2024-10-06;4257.0224609375
413;hybas_1121900350;2024-10-03;2024-10-03 13:39:46.128697+00:00;2024-10-07;4173.423828125
414;hybas_1121900350;2024-10-03;2024-10-03 13:39:46.128697+00:00;2024-10-08;4115.873046875
415;hybas_1121900350;2024-10-03;2024-10-03 13:39:46.128697+00:00;2024-10-09;4098.63330078125
416;hybas_1121900350;2024-10-04;2024-10-04 13:58:14.640471+00:00;2024-10-03;4455.80908203125
417;hybas_1121900350;2024-10-04;2024-10-04 13:58:14.640471+00:00;2024-10-04;4400.7158203125
418;hybas_1121900350;2024-10-04;2024-10-04 13:58:14.640471+00:00;2024-10-05;4342.546875
419;hybas_1121900350;2024-10-04;2024-10-04 13:58:14.640471+00:00;2024-10-06;4290.876953125
420;hybas_1121900350;2024-10-04;2024-10-04 13:58:14.640471+00:00;2024-10-07;4164.7685546875
421;hybas_1121900350;2024-10-04;2024-10-04 13:58:14.640471+00:00;2024-10-08;4117.11083984375
422;hybas_1121900350;2024-10-04;2024-10-04 13:58:14.640471+00:00;2024-10-09;4091.223876953125
423;hybas_1121900350;2024-10-04;2024-10-04 13:58:14.640471+00:00;2024-10-10;4136.61669921875
424;hybas_1121900350;2024-10-05;2024-10-05 13:49:13.091276+00:00;2024-10-04;4503.54052734375
425;hybas_1121900350;2024-10-05;2024-10-05 13:49:13.091276+00:00;2024-10-05;4392.43505859375
426;hybas_1121900350;2024-10-05;2024-10-05 13:49:13.091276+00:00;2024-10-06;4312.59326171875
427;hybas_1121900350;2024-10-05;2024-10-05 13:49:13.091276+00:00;2024-10-07;4256.93505859375
428;hybas_1121900350;2024-10-05;2024-10-05 13:49:13.091276+00:00;2024-10-08;4191.14794921875
429;hybas_1121900350;2024-10-05;2024-10-05 13:49:13.091276+00:00;2024-10-09;4202.77587890625
430;hybas_1121900350;2024-10-05;2024-10-05 13:49:13.091276+00:00;2024-10-10;4254.8505859375
431;hybas_1121900350;2024-10-05;2024-10-05 13:49:13.091276+00:00;2024-10-11;4211.36376953125
432;hybas_1121900350;2024-10-06;2024-10-06 13:33:22.192964+00:00;2024-10-05;4373.349609375
433;hybas_1121900350;2024-10-06;2024-10-06 13:33:22.192964+00:00;2024-10-06;4261.1533203125
434;hybas_1121900350;2024-10-06;2024-10-06 13:33:22.192964+00:00;2024-10-07;4199.2470703125
435;hybas_1121900350;2024-10-06;2024-10-06 13:33:22.192964+00:00;2024-10-08;4144.31494140625
436;hybas_1121900350;2024-10-06;2024-10-06 13:33:22.192964+00:00;2024-10-09;4083.464599609375
437;hybas_1121900350;2024-10-06;2024-10-06 13:33:22.192964+00:00;2024-10-10;4113.99072265625
438;hybas_1121900350;2024-10-06;2024-10-06 13:33:22.192964+00:00;2024-10-11;4119.64501953125
439;hybas_1121900350;2024-10-06;2024-10-06 13:33:22.192964+00:00;2024-10-12;4114.43359375
440;hybas_1121900350;2024-10-06;2024-10-06 23:41:49.395007+00:00;2024-10-06;4238.75244140625
441;hybas_1121900350;2024-10-06;2024-10-06 23:41:49.395007+00:00;2024-10-07;4205.96923828125
442;hybas_1121900350;2024-10-06;2024-10-06 23:41:49.395007+00:00;2024-10-08;4159.33349609375
443;hybas_1121900350;2024-10-06;2024-10-06 23:41:49.395007+00:00;2024-10-09;4129.712890625
444;hybas_1121900350;2024-10-06;2024-10-06 23:41:49.395007+00:00;2024-10-10;4159.17041015625
445;hybas_1121900350;2024-10-06;2024-10-06 23:41:49.395007+00:00;2024-10-11;4163.64794921875
446;hybas_1121900350;2024-10-06;2024-10-06 23:41:49.395007+00:00;2024-10-12;4187.91650390625
447;hybas_1121900350;2024-10-06;2024-10-06 23:41:49.395007+00:00;2024-10-13;4143.015625
448;hybas_1120705070;2024-10-01;2024-10-01 13:35:07.377968+00:00;2024-09-30;5126.81396484375
449;hybas_1120705070;2024-10-01;2024-10-01 13:35:07.377968+00:00;2024-10-01;5169.0947265625
450;hybas_1120705070;2024-10-01;2024-10-01 13:35:07.377968+00:00;2024-10-02;5119.83642578125
451;hybas_1120705070;2024-10-01;2024-10-01 13:35:07.377968+00:00;2024-10-03;5122.92236328125
452;hybas_1120705070;2024-10-01;2024-10-01 13:35:07.377968+00:00;2024-10-04;5079.76611328125
453;hybas_1120705070;2024-10-01;2024-10-01 13:35:07.377968+00:00;2024-10-05;4988.3291015625
454;hybas_1120705070;2024-10-01;2024-10-01 13:35:07.377968+00:00;2024-10-06;4824.8173828125
455;hybas_1120705070;2024-10-01;2024-10-01 13:35:07.377968+00:00;2024-10-07;4742.81494140625
456;hybas_1120705070;2024-10-02;2024-10-02 13:53:00.707144+00:00;2024-10-01;5150.7490234375
457;hybas_1120705070;2024-10-02;2024-10-02 13:53:00.707144+00:00;2024-10-02;5108.5146484375
458;hybas_1120705070;2024-10-02;2024-10-02 13:53:00.707144+00:00;2024-10-03;5076.82421875
459;hybas_1120705070;2024-10-02;2024-10-02 13:53:00.707144+00:00;2024-10-04;5078.32861328125
460;hybas_1120705070;2024-10-02;2024-10-02 13:53:00.707144+00:00;2024-10-05;4949.9951171875
461;hybas_1120705070;2024-10-02;2024-10-02 13:53:00.707144+00:00;2024-10-06;4821.03369140625
462;hybas_1120705070;2024-10-02;2024-10-02 13:53:00.707144+00:00;2024-10-07;4764.33935546875
463;hybas_1120705070;2024-10-02;2024-10-02 13:53:00.707144+00:00;2024-10-08;4752.91796875
464;hybas_1120705070;2024-10-03;2024-10-03 13:43:20.974881+00:00;2024-10-02;5066.44775390625
465;hybas_1120705070;2024-10-03;2024-10-03 13:43:20.974881+00:00;2024-10-03;5088.3583984375
466;hybas_1120705070;2024-10-03;2024-10-03 13:43:20.974881+00:00;2024-10-04;5074.49462890625
467;hybas_1120705070;2024-10-03;2024-10-03 13:43:20.974881+00:00;2024-10-05;5014.7099609375
468;hybas_1120705070;2024-10-03;2024-10-03 13:43:20.974881+00:00;2024-10-06;4859.5625
469;hybas_1120705070;2024-10-03;2024-10-03 13:43:20.974881+00:00;2024-10-07;4912.25
470;hybas_1120705070;2024-10-03;2024-10-03 13:43:20.974881+00:00;2024-10-08;4859.22607421875
471;hybas_1120705070;2024-10-03;2024-10-03 13:43:20.974881+00:00;2024-10-09;4708.06640625
472;hybas_1120705070;2024-10-04;2024-10-04 14:01:33.900122+00:00;2024-10-03;5032.4326171875
473;hybas_1120705070;2024-10-04;2024-10-04 14:01:33.900122+00:00;2024-10-04;5045.931640625
474;hybas_1120705070;2024-10-04;2024-10-04 14:01:33.900122+00:00;2024-10-05;5025.13037109375
475;hybas_1120705070;2024-10-04;2024-10-04 14:01:33.900122+00:00;2024-10-06;4910.8701171875
476;hybas_1120705070;2024-10-04;2024-10-04 14:01:33.900122+00:00;2024-10-07;4876.42236328125
477;hybas_1120705070;2024-10-04;2024-10-04 14:01:33.900122+00:00;2024-10-08;4890.33984375
478;hybas_1120705070;2024-10-04;2024-10-04 14:01:33.900122+00:00;2024-10-09;4738.83740234375
479;hybas_1120705070;2024-10-04;2024-10-04 14:01:33.900122+00:00;2024-10-10;4741.4072265625
480;hybas_1120705070;2024-10-05;2024-10-05 13:45:50.769012+00:00;2024-10-04;5057.7841796875
481;hybas_1120705070;2024-10-05;2024-10-05 13:45:50.769012+00:00;2024-10-05;5015.0068359375
482;hybas_1120705070;2024-10-05;2024-10-05 13:45:50.769012+00:00;2024-10-06;4923.78564453125
483;hybas_1120705070;2024-10-05;2024-10-05 13:45:50.769012+00:00;2024-10-07;4998.0205078125
484;hybas_1120705070;2024-10-05;2024-10-05 13:45:50.769012+00:00;2024-10-08;4947.2958984375
485;hybas_1120705070;2024-10-05;2024-10-05 13:45:50.769012+00:00;2024-10-09;4816.83154296875
486;hybas_1120705070;2024-10-05;2024-10-05 13:45:50.769012+00:00;2024-10-10;4810.77880859375
487;hybas_1120705070;2024-10-05;2024-10-05 13:45:50.769012+00:00;2024-10-11;4750.71337890625
488;hybas_1120705070;2024-10-06;2024-10-06 13:38:03.081897+00:00;2024-10-05;4939.04736328125
489;hybas_1120705070;2024-10-06;2024-10-06 13:38:03.081897+00:00;2024-10-06;4862.0439453125
490;hybas_1120705070;2024-10-06;2024-10-06 13:38:03.081897+00:00;2024-10-07;4811.87109375
491;hybas_1120705070;2024-10-06;2024-10-06 13:38:03.081897+00:00;2024-10-08;4779.732421875
492;hybas_1120705070;2024-10-06;2024-10-06 13:38:03.081897+00:00;2024-10-09;4787.90478515625
493;hybas_1120705070;2024-10-06;2024-10-06 13:38:03.081897+00:00;2024-10-10;4675.45703125
494;hybas_1120705070;2024-10-06;2024-10-06 13:38:03.081897+00:00;2024-10-11;4668.28564453125
495;hybas_1120705070;2024-10-06;2024-10-06 13:38:03.081897+00:00;2024-10-12;4709.83984375
496;hybas_1120705070;2024-10-06;2024-10-06 23:47:06.284580+00:00;2024-10-06;4978.28515625
497;hybas_1120705070;2024-10-06;2024-10-06 23:47:06.284580+00:00;2024-10-07;4873.26171875
498;hybas_1120705070;2024-10-06;2024-10-06 23:47:06.284580+00:00;2024-10-08;4867.8759765625
499;hybas_1120705070;2024-10-06;2024-10-06 23:47:06.284580+00:00;2024-10-09;4767.31298828125
500;hybas_1120705070;2024-10-06;2024-10-06 23:47:06.284580+00:00;2024-10-10;4769.66015625
501;hybas_1120705070;2024-10-06;2024-10-06 23:47:06.284580+00:00;2024-10-11;4777.4814453125
502;hybas_1120705070;2024-10-06;2024-10-06 23:47:06.284580+00:00;2024-10-12;4783.30908203125
503;hybas_1120705070;2024-10-06;2024-10-06 23:47:06.284580+00:00;2024-10-13;4750.79150390625
504;hybas_1121895840;2024-10-01;2024-10-01 13:38:21.773962+00:00;2024-09-30;4547.06640625
505;hybas_1121895840;2024-10-01;2024-10-01 13:38:21.773962+00:00;2024-10-01;4582.2236328125
506;hybas_1121895840;2024-10-01;2024-10-01 13:38:21.773962+00:00;2024-10-02;4553.86962890625
507;hybas_1121895840;2024-10-01;2024-10-01 13:38:21.773962+00:00;2024-10-03;4500.5400390625
508;hybas_1121895840;2024-10-01;2024-10-01 13:38:21.773962+00:00;2024-10-04;4441.30029296875
509;hybas_1121895840;2024-10-01;2024-10-01 13:38:21.773962+00:00;2024-10-05;4359.07568359375
510;hybas_1121895840;2024-10-01;2024-10-01 13:38:21.773962+00:00;2024-10-06;4218.4072265625
511;hybas_1121895840;2024-10-01;2024-10-01 13:38:21.773962+00:00;2024-10-07;4114.9609375
512;hybas_1121895840;2024-10-02;2024-10-02 13:53:03.065353+00:00;2024-10-01;4613.28515625
513;hybas_1121895840;2024-10-02;2024-10-02 13:53:03.065353+00:00;2024-10-02;4595.74951171875
514;hybas_1121895840;2024-10-02;2024-10-02 13:53:03.065353+00:00;2024-10-03;4486.8408203125
515;hybas_1121895840;2024-10-02;2024-10-02 13:53:03.065353+00:00;2024-10-04;4454.6240234375
516;hybas_1121895840;2024-10-02;2024-10-02 13:53:03.065353+00:00;2024-10-05;4357.1630859375
517;hybas_1121895840;2024-10-02;2024-10-02 13:53:03.065353+00:00;2024-10-06;4215.96337890625
518;hybas_1121895840;2024-10-02;2024-10-02 13:53:03.065353+00:00;2024-10-07;4117.6181640625
519;hybas_1121895840;2024-10-02;2024-10-02 13:53:03.065353+00:00;2024-10-08;4074.75390625
520;hybas_1121895840;2024-10-03;2024-10-03 13:39:46.123814+00:00;2024-10-02;4573.2724609375
521;hybas_1121895840;2024-10-03;2024-10-03 13:39:46.123814+00:00;2024-10-03;4503.92578125
522;hybas_1121895840;2024-10-03;2024-10-03 13:39:46.123814+00:00;2024-10-04;4410.56005859375
523;hybas_1121895840;2024-10-03;2024-10-03 13:39:46.123814+00:00;2024-10-05;4334.62060546875
524;hybas_1121895840;2024-10-03;2024-10-03 13:39:46.123814+00:00;2024-10-06;4248.9736328125
525;hybas_1121895840;2024-10-03;2024-10-03 13:39:46.123814+00:00;2024-10-07;4155.40283203125
526;hybas_1121895840;2024-10-03;2024-10-03 13:39:46.123814+00:00;2024-10-08;4095.999755859375
527;hybas_1121895840;2024-10-03;2024-10-03 13:39:46.123814+00:00;2024-10-09;4085.376953125
528;hybas_1121895840;2024-10-04;2024-10-04 13:58:14.653725+00:00;2024-10-03;4425.4677734375
529;hybas_1121895840;2024-10-04;2024-10-04 13:58:14.653725+00:00;2024-10-04;4384.26318359375
530;hybas_1121895840;2024-10-04;2024-10-04 13:58:14.653725+00:00;2024-10-05;4354.34619140625
531;hybas_1121895840;2024-10-04;2024-10-04 13:58:14.653725+00:00;2024-10-06;4284.13427734375
532;hybas_1121895840;2024-10-04;2024-10-04 13:58:14.653725+00:00;2024-10-07;4146.7294921875
533;hybas_1121895840;2024-10-04;2024-10-04 13:58:14.653725+00:00;2024-10-08;4094.9580078125
534;hybas_1121895840;2024-10-04;2024-10-04 13:58:14.653725+00:00;2024-10-09;4073.0625
535;hybas_1121895840;2024-10-04;2024-10-04 13:58:14.653725+00:00;2024-10-10;4123.685546875
536;hybas_1121895840;2024-10-05;2024-10-05 13:45:50.675661+00:00;2024-10-04;4471.54931640625
537;hybas_1121895840;2024-10-05;2024-10-05 13:45:50.675661+00:00;2024-10-05;4401.8505859375
538;hybas_1121895840;2024-10-05;2024-10-05 13:45:50.675661+00:00;2024-10-06;4290.7099609375
539;hybas_1121895840;2024-10-05;2024-10-05 13:45:50.675661+00:00;2024-10-07;4231.82275390625
540;hybas_1121895840;2024-10-05;2024-10-05 13:45:50.675661+00:00;2024-10-08;4162.92138671875
541;hybas_1121895840;2024-10-05;2024-10-05 13:45:50.675661+00:00;2024-10-09;4179.06396484375
542;hybas_1121895840;2024-10-05;2024-10-05 13:45:50.675661+00:00;2024-10-10;4234.3583984375
543;hybas_1121895840;2024-10-05;2024-10-05 13:45:50.675661+00:00;2024-10-11;4196.216796875
544;hybas_1121895840;2024-10-06;2024-10-06 13:33:22.202250+00:00;2024-10-05;4366.13037109375
545;hybas_1121895840;2024-10-06;2024-10-06 13:33:22.202250+00:00;2024-10-06;4250.6826171875
546;hybas_1121895840;2024-10-06;2024-10-06 13:33:22.202250+00:00;2024-10-07;4185.30517578125
547;hybas_1121895840;2024-10-06;2024-10-06 13:33:22.202250+00:00;2024-10-08;4129.26123046875
548;hybas_1121895840;2024-10-06;2024-10-06 13:33:22.202250+00:00;2024-10-09;4071.328857421875
549;hybas_1121895840;2024-10-06;2024-10-06 13:33:22.202250+00:00;2024-10-10;4105.50732421875
550;hybas_1121895840;2024-10-06;2024-10-06 13:33:22.202250+00:00;2024-10-11;4115.1865234375
551;hybas_1121895840;2024-10-06;2024-10-06 13:33:22.202250+00:00;2024-10-12;4111.83349609375
552;hybas_1121895840;2024-10-06;2024-10-06 23:41:49.700804+00:00;2024-10-06;4192.22998046875
553;hybas_1121895840;2024-10-06;2024-10-06 23:41:49.700804+00:00;2024-10-07;4150.6494140625
554;hybas_1121895840;2024-10-06;2024-10-06 23:41:49.700804+00:00;2024-10-08;4118.5634765625
555;hybas_1121895840;2024-10-06;2024-10-06 23:41:49.700804+00:00;2024-10-09;4095.934814453125
556;hybas_1121895840;2024-10-06;2024-10-06 23:41:49.700804+00:00;2024-10-10;4127.10498046875
557;hybas_1121895840;2024-10-06;2024-10-06 23:41:49.700804+00:00;2024-10-11;4133.09423828125
558;hybas_1121895840;2024-10-06;2024-10-06 23:41:49.700804+00:00;2024-10-12;4158.013671875
559;hybas_1121895840;2024-10-06;2024-10-06 23:41:49.700804+00:00;2024-10-13;4115.78369140625
560;hybas_1120679780;2024-10-01;2024-10-01 13:38:17.131667+00:00;2024-09-30;4578.546875
561;hybas_1120679780;2024-10-01;2024-10-01 13:38:17.131667+00:00;2024-10-01;4515.93310546875
562;hybas_1120679780;2024-10-01;2024-10-01 13:38:17.131667+00:00;2024-10-02;4579.28125
563;hybas_1120679780;2024-10-01;2024-10-01 13:38:17.131667+00:00;2024-10-03;4561.96923828125
564;hybas_1120679780;2024-10-01;2024-10-01 13:38:17.131667+00:00;2024-10-04;4477.1669921875
565;hybas_1120679780;2024-10-01;2024-10-01 13:38:17.131667+00:00;2024-10-05;4381.39208984375
566;hybas_1120679780;2024-10-01;2024-10-01 13:38:17.131667+00:00;2024-10-06;4240.2412109375
567;hybas_1120679780;2024-10-01;2024-10-01 13:38:17.131667+00:00;2024-10-07;4135.7490234375
568;hybas_1120679780;2024-10-02;2024-10-02 13:54:13.263437+00:00;2024-10-01;4584.33935546875
569;hybas_1120679780;2024-10-02;2024-10-02 13:54:13.263437+00:00;2024-10-02;4615.51171875
570;hybas_1120679780;2024-10-02;2024-10-02 13:54:13.263437+00:00;2024-10-03;4537.42578125
571;hybas_1120679780;2024-10-02;2024-10-02 13:54:13.263437+00:00;2024-10-04;4489.24169921875
572;hybas_1120679780;2024-10-02;2024-10-02 13:54:13.263437+00:00;2024-10-05;4373.083984375
573;hybas_1120679780;2024-10-02;2024-10-02 13:54:13.263437+00:00;2024-10-06;4246.0869140625
574;hybas_1120679780;2024-10-02;2024-10-02 13:54:13.263437+00:00;2024-10-07;4155.49365234375
575;hybas_1120679780;2024-10-02;2024-10-02 13:54:13.263437+00:00;2024-10-08;4109.4892578125
576;hybas_1120679780;2024-10-03;2024-10-03 13:43:49.469095+00:00;2024-10-02;4623.42724609375
577;hybas_1120679780;2024-10-03;2024-10-03 13:43:49.469095+00:00;2024-10-03;4530.85107421875
578;hybas_1120679780;2024-10-03;2024-10-03 13:43:49.469095+00:00;2024-10-04;4451.708984375
579;hybas_1120679780;2024-10-03;2024-10-03 13:43:49.469095+00:00;2024-10-05;4354.896484375
580;hybas_1120679780;2024-10-03;2024-10-03 13:43:49.469095+00:00;2024-10-06;4260.0361328125
581;hybas_1120679780;2024-10-03;2024-10-03 13:43:49.469095+00:00;2024-10-07;4190.80908203125
582;hybas_1120679780;2024-10-03;2024-10-03 13:43:49.469095+00:00;2024-10-08;4131.1279296875
583;hybas_1120679780;2024-10-03;2024-10-03 13:43:49.469095+00:00;2024-10-09;4115.7705078125
584;hybas_1120679780;2024-10-04;2024-10-04 13:58:16.651938+00:00;2024-10-03;4463.8046875
585;hybas_1120679780;2024-10-04;2024-10-04 13:58:16.651938+00:00;2024-10-04;4393.66259765625
586;hybas_1120679780;2024-10-04;2024-10-04 13:58:16.651938+00:00;2024-10-05;4350.4013671875
587;hybas_1120679780;2024-10-04;2024-10-04 13:58:16.651938+00:00;2024-10-06;4296.7236328125
588;hybas_1120679780;2024-10-04;2024-10-04 13:58:16.651938+00:00;2024-10-07;4180.7431640625
589;hybas_1120679780;2024-10-04;2024-10-04 13:58:16.651938+00:00;2024-10-08;4133.0244140625
590;hybas_1120679780;2024-10-04;2024-10-04 13:58:16.651938+00:00;2024-10-09;4113.87158203125
591;hybas_1120679780;2024-10-04;2024-10-04 13:58:16.651938+00:00;2024-10-10;4158.09228515625
592;hybas_1120679780;2024-10-05;2024-10-05 13:49:18.302473+00:00;2024-10-04;4502.85009765625
593;hybas_1120679780;2024-10-05;2024-10-05 13:49:18.302473+00:00;2024-10-05;4413.93994140625
594;hybas_1120679780;2024-10-05;2024-10-05 13:49:18.302473+00:00;2024-10-06;4318.9638671875
595;hybas_1120679780;2024-10-05;2024-10-05 13:49:18.302473+00:00;2024-10-07;4263.9326171875
596;hybas_1120679780;2024-10-05;2024-10-05 13:49:18.302473+00:00;2024-10-08;4198.33837890625
597;hybas_1120679780;2024-10-05;2024-10-05 13:49:18.302473+00:00;2024-10-09;4219.5810546875
598;hybas_1120679780;2024-10-05;2024-10-05 13:49:18.302473+00:00;2024-10-10;4272.03125
599;hybas_1120679780;2024-10-05;2024-10-05 13:49:18.302473+00:00;2024-10-11;4233.80810546875
600;hybas_1120679780;2024-10-06;2024-10-06 13:38:00.765241+00:00;2024-10-05;4393.1240234375
601;hybas_1120679780;2024-10-06;2024-10-06 13:38:00.765241+00:00;2024-10-06;4265.80517578125
602;hybas_1120679780;2024-10-06;2024-10-06 13:38:00.765241+00:00;2024-10-07;4209.64453125
603;hybas_1120679780;2024-10-06;2024-10-06 13:38:00.765241+00:00;2024-10-08;4154.99072265625
604;hybas_1120679780;2024-10-06;2024-10-06 13:38:00.765241+00:00;2024-10-09;4101.103515625
605;hybas_1120679780;2024-10-06;2024-10-06 13:38:00.765241+00:00;2024-10-10;4134.02587890625
606;hybas_1120679780;2024-10-06;2024-10-06 13:38:00.765241+00:00;2024-10-11;4141.76025390625
607;hybas_1120679780;2024-10-06;2024-10-06 13:38:00.765241+00:00;2024-10-12;4140.5078125
608;hybas_1120679780;2024-10-06;2024-10-06 23:43:52.602856+00:00;2024-10-06;4153.58740234375
609;hybas_1120679780;2024-10-06;2024-10-06 23:43:52.602856+00:00;2024-10-07;4122.3193359375
610;hybas_1120679780;2024-10-06;2024-10-06 23:43:52.602856+00:00;2024-10-08;4088.01953125
611;hybas_1120679780;2024-10-06;2024-10-06 23:43:52.602856+00:00;2024-10-09;4076.35498046875
612;hybas_1120679780;2024-10-06;2024-10-06 23:43:52.602856+00:00;2024-10-10;4112.017578125
613;hybas_1120679780;2024-10-06;2024-10-06 23:43:52.602856+00:00;2024-10-11;4120.81884765625
614;hybas_1120679780;2024-10-06;2024-10-06 23:43:52.602856+00:00;2024-10-12;4142.33642578125
615;hybas_1120679780;2024-10-06;2024-10-06 23:43:52.602856+00:00;2024-10-13;4098.2431640625
616;hybas_1121890140;2024-10-01;2024-10-01 13:35:07.378497+00:00;2024-09-30;3330.106689453125
617;hybas_1121890140;2024-10-01;2024-10-01 13:35:07.378497+00:00;2024-10-01;3318.540771484375
618;hybas_1121890140;2024-10-01;2024-10-01 13:35:07.378497+00:00;2024-10-02;3322.03759765625
619;hybas_1121890140;2024-10-01;2024-10-01 13:35:07.378497+00:00;2024-10-03;3330.4677734375
620;hybas_1121890140;2024-10-01;2024-10-01 13:35:07.378497+00:00;2024-10-04;3315.071533203125
621;hybas_1121890140;2024-10-01;2024-10-01 13:35:07.378497+00:00;2024-10-05;3321.3720703125
622;hybas_1121890140;2024-10-01;2024-10-01 13:35:07.378497+00:00;2024-10-06;3254.6416015625
623;hybas_1121890140;2024-10-01;2024-10-01 13:35:07.378497+00:00;2024-10-07;3112.286865234375
624;hybas_1121890140;2024-10-02;2024-10-02 13:53:00.710023+00:00;2024-10-01;3331.807373046875
625;hybas_1121890140;2024-10-02;2024-10-02 13:53:00.710023+00:00;2024-10-02;3348.0791015625
626;hybas_1121890140;2024-10-02;2024-10-02 13:53:00.710023+00:00;2024-10-03;3332.949462890625
627;hybas_1121890140;2024-10-02;2024-10-02 13:53:00.710023+00:00;2024-10-04;3329.70654296875
628;hybas_1121890140;2024-10-02;2024-10-02 13:53:00.710023+00:00;2024-10-05;3286.8994140625
629;hybas_1121890140;2024-10-02;2024-10-02 13:53:00.710023+00:00;2024-10-06;3213.67626953125
630;hybas_1121890140;2024-10-02;2024-10-02 13:53:00.710023+00:00;2024-10-07;3056.6181640625
631;hybas_1121890140;2024-10-02;2024-10-02 13:53:00.710023+00:00;2024-10-08;2994.070068359375
632;hybas_1121890140;2024-10-03;2024-10-03 13:43:00.009414+00:00;2024-10-02;3318.189453125
633;hybas_1121890140;2024-10-03;2024-10-03 13:43:00.009414+00:00;2024-10-03;3267.0048828125
634;hybas_1121890140;2024-10-03;2024-10-03 13:43:00.009414+00:00;2024-10-04;3263.73779296875
635;hybas_1121890140;2024-10-03;2024-10-03 13:43:00.009414+00:00;2024-10-05;3239.14306640625
636;hybas_1121890140;2024-10-03;2024-10-03 13:43:00.009414+00:00;2024-10-06;3193.80712890625
637;hybas_1121890140;2024-10-03;2024-10-03 13:43:00.009414+00:00;2024-10-07;3062.0791015625
638;hybas_1121890140;2024-10-03;2024-10-03 13:43:00.009414+00:00;2024-10-08;2975.71435546875
639;hybas_1121890140;2024-10-03;2024-10-03 13:43:00.009414+00:00;2024-10-09;3012.070068359375
640;hybas_1121890140;2024-10-04;2024-10-04 13:58:16.651505+00:00;2024-10-03;3241.23681640625
641;hybas_1121890140;2024-10-04;2024-10-04 13:58:16.651505+00:00;2024-10-04;3234.37109375
642;hybas_1121890140;2024-10-04;2024-10-04 13:58:16.651505+00:00;2024-10-05;3234.12939453125
643;hybas_1121890140;2024-10-04;2024-10-04 13:58:16.651505+00:00;2024-10-06;3230.706298828125
644;hybas_1121890140;2024-10-04;2024-10-04 13:58:16.651505+00:00;2024-10-07;3124.85400390625
645;hybas_1121890140;2024-10-04;2024-10-04 13:58:16.651505+00:00;2024-10-08;2996.74462890625
646;hybas_1121890140;2024-10-04;2024-10-04 13:58:16.651505+00:00;2024-10-09;3003.637939453125
647;hybas_1121890140;2024-10-04;2024-10-04 13:58:16.651505+00:00;2024-10-10;3053.797607421875
648;hybas_1121890140;2024-10-05;2024-10-05 13:45:50.670129+00:00;2024-10-04;3243.3125
649;hybas_1121890140;2024-10-05;2024-10-05 13:45:50.670129+00:00;2024-10-05;3255.73193359375
650;hybas_1121890140;2024-10-05;2024-10-05 13:45:50.670129+00:00;2024-10-06;3226.05224609375
651;hybas_1121890140;2024-10-05;2024-10-05 13:45:50.670129+00:00;2024-10-07;3114.105224609375
652;hybas_1121890140;2024-10-05;2024-10-05 13:45:50.670129+00:00;2024-10-08;2975.222900390625
653;hybas_1121890140;2024-10-05;2024-10-05 13:45:50.670129+00:00;2024-10-09;3013.23779296875
654;hybas_1121890140;2024-10-05;2024-10-05 13:45:50.670129+00:00;2024-10-10;3079.887939453125
655;hybas_1121890140;2024-10-05;2024-10-05 13:45:50.670129+00:00;2024-10-11;3082.18359375
656;hybas_1121890140;2024-10-06;2024-10-06 13:33:22.202210+00:00;2024-10-05;3275.6376953125
657;hybas_1121890140;2024-10-06;2024-10-06 13:33:22.202210+00:00;2024-10-06;3184.7138671875
658;hybas_1121890140;2024-10-06;2024-10-06 13:33:22.202210+00:00;2024-10-07;3087.382568359375
659;hybas_1121890140;2024-10-06;2024-10-06 13:33:22.202210+00:00;2024-10-08;2984.12109375
660;hybas_1121890140;2024-10-06;2024-10-06 13:33:22.202210+00:00;2024-10-09;2993.648193359375
661;hybas_1121890140;2024-10-06;2024-10-06 13:33:22.202210+00:00;2024-10-10;3020.09716796875
662;hybas_1121890140;2024-10-06;2024-10-06 13:33:22.202210+00:00;2024-10-11;3036.147216796875
663;hybas_1121890140;2024-10-06;2024-10-06 13:33:22.202210+00:00;2024-10-12;3077.34326171875
664;hybas_1121890140;2024-10-06;2024-10-06 23:41:48.286581+00:00;2024-10-06;3055.658203125
665;hybas_1121890140;2024-10-06;2024-10-06 23:41:48.286581+00:00;2024-10-07;2977.926025390625
666;hybas_1121890140;2024-10-06;2024-10-06 23:41:48.286581+00:00;2024-10-08;2897.44970703125
667;hybas_1121890140;2024-10-06;2024-10-06 23:41:48.286581+00:00;2024-10-09;2899.66259765625
668;hybas_1121890140;2024-10-06;2024-10-06 23:41:48.286581+00:00;2024-10-10;2933.00341796875
669;hybas_1121890140;2024-10-06;2024-10-06 23:41:48.286581+00:00;2024-10-11;2966.568603515625
670;hybas_1121890140;2024-10-06;2024-10-06 23:41:48.286581+00:00;2024-10-12;3026.662841796875
671;hybas_1121890140;2024-10-06;2024-10-06 23:41:48.286581+00:00;2024-10-13;3005.1416015625
672;hybas_1120766460;2024-10-01;2024-10-01 13:35:07.375393+00:00;2024-09-30;1097.69677734375
673;hybas_1120766460;2024-10-01;2024-10-01 13:35:07.375393+00:00;2024-10-01;1068.8905029296875
674;hybas_1120766460;2024-10-01;2024-10-01 13:35:07.375393+00:00;2024-10-02;1033.36865234375
675;hybas_1120766460;2024-10-01;2024-10-01 13:35:07.375393+00:00;2024-10-03;1016.3703002929688
676;hybas_1120766460;2024-10-01;2024-10-01 13:35:07.375393+00:00;2024-10-04;977.67236328125
677;hybas_1120766460;2024-10-01;2024-10-01 13:35:07.375393+00:00;2024-10-05;941.4879760742188
678;hybas_1120766460;2024-10-01;2024-10-01 13:35:07.375393+00:00;2024-10-06;912.6405639648438
679;hybas_1120766460;2024-10-01;2024-10-01 13:35:07.375393+00:00;2024-10-07;935.5841674804688
680;hybas_1120766460;2024-10-02;2024-10-02 13:53:00.707497+00:00;2024-10-01;1076.337158203125
681;hybas_1120766460;2024-10-02;2024-10-02 13:53:00.707497+00:00;2024-10-02;1031.0819091796875
682;hybas_1120766460;2024-10-02;2024-10-02 13:53:00.707497+00:00;2024-10-03;1011.0133056640625
683;hybas_1120766460;2024-10-02;2024-10-02 13:53:00.707497+00:00;2024-10-04;978.3021240234375
684;hybas_1120766460;2024-10-02;2024-10-02 13:53:00.707497+00:00;2024-10-05;945.6530151367188
685;hybas_1120766460;2024-10-02;2024-10-02 13:53:00.707497+00:00;2024-10-06;921.840576171875
686;hybas_1120766460;2024-10-02;2024-10-02 13:53:00.707497+00:00;2024-10-07;921.36962890625
687;hybas_1120766460;2024-10-02;2024-10-02 13:53:00.707497+00:00;2024-10-08;875.46484375
688;hybas_1120766460;2024-10-03;2024-10-03 13:40:05.738056+00:00;2024-10-02;1017.29638671875
689;hybas_1120766460;2024-10-03;2024-10-03 13:40:05.738056+00:00;2024-10-03;1009.0216674804688
690;hybas_1120766460;2024-10-03;2024-10-03 13:40:05.738056+00:00;2024-10-04;967.6150512695312
691;hybas_1120766460;2024-10-03;2024-10-03 13:40:05.738056+00:00;2024-10-05;941.6036987304688
692;hybas_1120766460;2024-10-03;2024-10-03 13:40:05.738056+00:00;2024-10-06;933.205810546875
693;hybas_1120766460;2024-10-03;2024-10-03 13:40:05.738056+00:00;2024-10-07;969.0606079101562
694;hybas_1120766460;2024-10-03;2024-10-03 13:40:05.738056+00:00;2024-10-08;902.2625122070312
695;hybas_1120766460;2024-10-03;2024-10-03 13:40:05.738056+00:00;2024-10-09;902.24560546875
696;hybas_1120766460;2024-10-04;2024-10-04 13:58:16.665253+00:00;2024-10-03;1000.9451293945312
697;hybas_1120766460;2024-10-04;2024-10-04 13:58:16.665253+00:00;2024-10-04;958.95849609375
698;hybas_1120766460;2024-10-04;2024-10-04 13:58:16.665253+00:00;2024-10-05;934.8975830078125
699;hybas_1120766460;2024-10-04;2024-10-04 13:58:16.665253+00:00;2024-10-06;907.625
700;hybas_1120766460;2024-10-04;2024-10-04 13:58:16.665253+00:00;2024-10-07;951.1385498046875
701;hybas_1120766460;2024-10-04;2024-10-04 13:58:16.665253+00:00;2024-10-08;936.24560546875
702;hybas_1120766460;2024-10-04;2024-10-04 13:58:16.665253+00:00;2024-10-09;902.9030151367188
703;hybas_1120766460;2024-10-04;2024-10-04 13:58:16.665253+00:00;2024-10-10;905.0667724609375
704;hybas_1120766460;2024-10-05;2024-10-05 13:45:52.013691+00:00;2024-10-04;950.487060546875
705;hybas_1120766460;2024-10-05;2024-10-05 13:45:52.013691+00:00;2024-10-05;916.4253540039062
706;hybas_1120766460;2024-10-05;2024-10-05 13:45:52.013691+00:00;2024-10-06;900.5906372070312
707;hybas_1120766460;2024-10-05;2024-10-05 13:45:52.013691+00:00;2024-10-07;988.13232421875
708;hybas_1120766460;2024-10-05;2024-10-05 13:45:52.013691+00:00;2024-10-08;930.92041015625
709;hybas_1120766460;2024-10-05;2024-10-05 13:45:52.013691+00:00;2024-10-09;921.895751953125
710;hybas_1120766460;2024-10-05;2024-10-05 13:45:52.013691+00:00;2024-10-10;937.4907836914062
711;hybas_1120766460;2024-10-05;2024-10-05 13:45:52.013691+00:00;2024-10-11;905.953125
712;hybas_1120766460;2024-10-06;2024-10-06 13:37:10.059104+00:00;2024-10-05;904.638427734375
713;hybas_1120766460;2024-10-06;2024-10-06 13:37:10.059104+00:00;2024-10-06;874.8541259765625
714;hybas_1120766460;2024-10-06;2024-10-06 13:37:10.059104+00:00;2024-10-07;920.039306640625
715;hybas_1120766460;2024-10-06;2024-10-06 13:37:10.059104+00:00;2024-10-08;906.2639770507812
716;hybas_1120766460;2024-10-06;2024-10-06 13:37:10.059104+00:00;2024-10-09;917.1489868164062
717;hybas_1120766460;2024-10-06;2024-10-06 13:37:10.059104+00:00;2024-10-10;928.3687744140625
718;hybas_1120766460;2024-10-06;2024-10-06 13:37:10.059104+00:00;2024-10-11;915.2278442382812
719;hybas_1120766460;2024-10-06;2024-10-06 13:37:10.059104+00:00;2024-10-12;899.4681396484375
720;hybas_1120766460;2024-10-06;2024-10-06 23:40:45.536161+00:00;2024-10-06;885.4964599609375
721;hybas_1120766460;2024-10-06;2024-10-06 23:40:45.536161+00:00;2024-10-07;917.6889038085938
722;hybas_1120766460;2024-10-06;2024-10-06 23:40:45.536161+00:00;2024-10-08;896.8302612304688
723;hybas_1120766460;2024-10-06;2024-10-06 23:40:45.536161+00:00;2024-10-09;902.4673461914062
724;hybas_1120766460;2024-10-06;2024-10-06 23:40:45.536161+00:00;2024-10-10;928.1654663085938
725;hybas_1120766460;2024-10-06;2024-10-06 23:40:45.536161+00:00;2024-10-11;926.6598510742188
726;hybas_1120766460;2024-10-06;2024-10-06 23:40:45.536161+00:00;2024-10-12;923.9290161132812
727;hybas_1120766460;2024-10-06;2024-10-06 23:40:45.536161+00:00;2024-10-13;896.0415649414062
728;hybas_1121919510;2024-10-01;2024-10-01 13:35:07.375282+00:00;2024-09-30;5059.41259765625
729;hybas_1121919510;2024-10-01;2024-10-01 13:35:07.375282+00:00;2024-10-01;5094.318359375
730;hybas_1121919510;2024-10-01;2024-10-01 13:35:07.375282+00:00;2024-10-02;5055.68017578125
731;hybas_1121919510;2024-10-01;2024-10-01 13:35:07.375282+00:00;2024-10-03;5008.46533203125
732;hybas_1121919510;2024-10-01;2024-10-01 13:35:07.375282+00:00;2024-10-04;4955.34375
733;hybas_1121919510;2024-10-01;2024-10-01 13:35:07.375282+00:00;2024-10-05;4908.36474609375
734;hybas_1121919510;2024-10-01;2024-10-01 13:35:07.375282+00:00;2024-10-06;4747.546875
735;hybas_1121919510;2024-10-01;2024-10-01 13:35:07.375282+00:00;2024-10-07;4679.3525390625
736;hybas_1121919510;2024-10-02;2024-10-02 13:56:29.118297+00:00;2024-10-01;5103.6396484375
737;hybas_1121919510;2024-10-02;2024-10-02 13:56:29.118297+00:00;2024-10-02;5065.1533203125
738;hybas_1121919510;2024-10-02;2024-10-02 13:56:29.118297+00:00;2024-10-03;5001.98388671875
739;hybas_1121919510;2024-10-02;2024-10-02 13:56:29.118297+00:00;2024-10-04;4975.13525390625
740;hybas_1121919510;2024-10-02;2024-10-02 13:56:29.118297+00:00;2024-10-05;4905.04833984375
741;hybas_1121919510;2024-10-02;2024-10-02 13:56:29.118297+00:00;2024-10-06;4754.40625
742;hybas_1121919510;2024-10-02;2024-10-02 13:56:29.118297+00:00;2024-10-07;4694.4599609375
743;hybas_1121919510;2024-10-02;2024-10-02 13:56:29.118297+00:00;2024-10-08;4695.18994140625
744;hybas_1121919510;2024-10-03;2024-10-03 13:44:33.276477+00:00;2024-10-02;4994.703125
745;hybas_1121919510;2024-10-03;2024-10-03 13:44:33.276477+00:00;2024-10-03;4996.5087890625
746;hybas_1121919510;2024-10-03;2024-10-03 13:44:33.276477+00:00;2024-10-04;4955.57373046875
747;hybas_1121919510;2024-10-03;2024-10-03 13:44:33.276477+00:00;2024-10-05;4936.6552734375
748;hybas_1121919510;2024-10-03;2024-10-03 13:44:33.276477+00:00;2024-10-06;4802.1240234375
749;hybas_1121919510;2024-10-03;2024-10-03 13:44:33.276477+00:00;2024-10-07;4828.8125
750;hybas_1121919510;2024-10-03;2024-10-03 13:44:33.276477+00:00;2024-10-08;4800.5439453125
751;hybas_1121919510;2024-10-03;2024-10-03 13:44:33.276477+00:00;2024-10-09;4653.564453125
752;hybas_1121919510;2024-10-04;2024-10-04 13:58:14.640510+00:00;2024-10-03;4937.72509765625
753;hybas_1121919510;2024-10-04;2024-10-04 13:58:14.640510+00:00;2024-10-04;4933.49609375
754;hybas_1121919510;2024-10-04;2024-10-04 13:58:14.640510+00:00;2024-10-05;4937.8544921875
755;hybas_1121919510;2024-10-04;2024-10-04 13:58:14.640510+00:00;2024-10-06;4862.0302734375
756;hybas_1121919510;2024-10-04;2024-10-04 13:58:14.640510+00:00;2024-10-07;4791.9111328125
757;hybas_1121919510;2024-10-04;2024-10-04 13:58:14.640510+00:00;2024-10-08;4818.001953125
758;hybas_1121919510;2024-10-04;2024-10-04 13:58:14.640510+00:00;2024-10-09;4711.85498046875
759;hybas_1121919510;2024-10-04;2024-10-04 13:58:14.640510+00:00;2024-10-10;4692.78857421875
760;hybas_1121919510;2024-10-05;2024-10-05 13:49:56.466989+00:00;2024-10-04;4968.60009765625
761;hybas_1121919510;2024-10-05;2024-10-05 13:49:56.466989+00:00;2024-10-05;4939.70458984375
762;hybas_1121919510;2024-10-05;2024-10-05 13:49:56.466989+00:00;2024-10-06;4848.62744140625
763;hybas_1121919510;2024-10-05;2024-10-05 13:49:56.466989+00:00;2024-10-07;4894.8427734375
764;hybas_1121919510;2024-10-05;2024-10-05 13:49:56.466989+00:00;2024-10-08;4871.1142578125
765;hybas_1121919510;2024-10-05;2024-10-05 13:49:56.466989+00:00;2024-10-09;4799.1943359375
766;hybas_1121919510;2024-10-05;2024-10-05 13:49:56.466989+00:00;2024-10-10;4736.1181640625
767;hybas_1121919510;2024-10-05;2024-10-05 13:49:56.466989+00:00;2024-10-11;4713.85986328125
768;hybas_1121919510;2024-10-06;2024-10-06 13:33:22.193180+00:00;2024-10-05;4864.7109375
769;hybas_1121919510;2024-10-06;2024-10-06 13:33:22.193180+00:00;2024-10-06;4771.162109375
770;hybas_1121919510;2024-10-06;2024-10-06 13:33:22.193180+00:00;2024-10-07;4748.103515625
771;hybas_1121919510;2024-10-06;2024-10-06 13:33:22.193180+00:00;2024-10-08;4768.048828125
772;hybas_1121919510;2024-10-06;2024-10-06 13:33:22.193180+00:00;2024-10-09;4745.3212890625
773;hybas_1121919510;2024-10-06;2024-10-06 13:33:22.193180+00:00;2024-10-10;4613.5107421875
774;hybas_1121919510;2024-10-06;2024-10-06 13:33:22.193180+00:00;2024-10-11;4614.97314453125
775;hybas_1121919510;2024-10-06;2024-10-06 13:33:22.193180+00:00;2024-10-12;4626.1337890625
776;hybas_1121919510;2024-10-06;2024-10-06 23:41:48.869688+00:00;2024-10-06;4862.43505859375
777;hybas_1121919510;2024-10-06;2024-10-06 23:41:48.869688+00:00;2024-10-07;4829.33154296875
778;hybas_1121919510;2024-10-06;2024-10-06 23:41:48.869688+00:00;2024-10-08;4824.9072265625
779;hybas_1121919510;2024-10-06;2024-10-06 23:41:48.869688+00:00;2024-10-09;4704.6298828125
780;hybas_1121919510;2024-10-06;2024-10-06 23:41:48.869688+00:00;2024-10-10;4733.62109375
781;hybas_1121919510;2024-10-06;2024-10-06 23:41:48.869688+00:00;2024-10-11;4716.42138671875
782;hybas_1121919510;2024-10-06;2024-10-06 23:41:48.869688+00:00;2024-10-12;4666.39697265625
783;hybas_1121919510;2024-10-06;2024-10-06 23:41:48.869688+00:00;2024-10-13;4621.04736328125
784;hybas_1120650110;2024-10-01;2024-10-01 13:37:55.720927+00:00;2024-09-30;41.491943359375
785;hybas_1120650110;2024-10-01;2024-10-01 13:37:55.720927+00:00;2024-10-01;41.00619125366211
786;hybas_1120650110;2024-10-01;2024-10-01 13:37:55.720927+00:00;2024-10-02;34.69876480102539
787;hybas_1120650110;2024-10-01;2024-10-01 13:37:55.720927+00:00;2024-10-03;32.796451568603516
788;hybas_1120650110;2024-10-01;2024-10-01 13:37:55.720927+00:00;2024-10-04;27.628644943237305
789;hybas_1120650110;2024-10-01;2024-10-01 13:37:55.720927+00:00;2024-10-05;25.55886459350586
790;hybas_1120650110;2024-10-01;2024-10-01 13:37:55.720927+00:00;2024-10-06;23.701780319213867
791;hybas_1120650110;2024-10-01;2024-10-01 13:37:55.720927+00:00;2024-10-07;29.690832138061523
792;hybas_1120650110;2024-10-02;2024-10-02 13:53:06.194319+00:00;2024-10-01;37.8154182434082
793;hybas_1120650110;2024-10-02;2024-10-02 13:53:06.194319+00:00;2024-10-02;30.620634078979492
794;hybas_1120650110;2024-10-02;2024-10-02 13:53:06.194319+00:00;2024-10-03;26.908510208129883
795;hybas_1120650110;2024-10-02;2024-10-02 13:53:06.194319+00:00;2024-10-04;23.050373077392578
796;hybas_1120650110;2024-10-02;2024-10-02 13:53:06.194319+00:00;2024-10-05;21.51668357849121
797;hybas_1120650110;2024-10-02;2024-10-02 13:53:06.194319+00:00;2024-10-06;23.46734046936035
798;hybas_1120650110;2024-10-02;2024-10-02 13:53:06.194319+00:00;2024-10-07;31.69369125366211
799;hybas_1120650110;2024-10-02;2024-10-02 13:53:06.194319+00:00;2024-10-08;50.67177200317383
800;hybas_1120650110;2024-10-03;2024-10-03 13:39:46.128271+00:00;2024-10-02;30.19528579711914
801;hybas_1120650110;2024-10-03;2024-10-03 13:39:46.128271+00:00;2024-10-03;26.476892471313477
802;hybas_1120650110;2024-10-03;2024-10-03 13:39:46.128271+00:00;2024-10-04;21.882455825805664
803;hybas_1120650110;2024-10-03;2024-10-03 13:39:46.128271+00:00;2024-10-05;20.68638038635254
804;hybas_1120650110;2024-10-03;2024-10-03 13:39:46.128271+00:00;2024-10-06;18.95635986328125
805;hybas_1120650110;2024-10-03;2024-10-03 13:39:46.128271+00:00;2024-10-07;23.239957809448242
806;hybas_1120650110;2024-10-03;2024-10-03 13:39:46.128271+00:00;2024-10-08;26.52208709716797
807;hybas_1120650110;2024-10-03;2024-10-03 13:39:46.128271+00:00;2024-10-09;27.98528480529785
808;hybas_1120650110;2024-10-04;2024-10-04 13:58:14.640535+00:00;2024-10-03;27.459741592407227
809;hybas_1120650110;2024-10-04;2024-10-04 13:58:14.640535+00:00;2024-10-04;26.020252227783203
810;hybas_1120650110;2024-10-04;2024-10-04 13:58:14.640535+00:00;2024-10-05;23.44908332824707
811;hybas_1120650110;2024-10-04;2024-10-04 13:58:14.640535+00:00;2024-10-06;20.878925323486328
812;hybas_1120650110;2024-10-04;2024-10-04 13:58:14.640535+00:00;2024-10-07;25.25740623474121
813;hybas_1120650110;2024-10-04;2024-10-04 13:58:14.640535+00:00;2024-10-08;34.11505889892578
814;hybas_1120650110;2024-10-04;2024-10-04 13:58:14.640535+00:00;2024-10-09;33.52334976196289
815;hybas_1120650110;2024-10-04;2024-10-04 13:58:14.640535+00:00;2024-10-10;24.700517654418945
816;hybas_1120650110;2024-10-05;2024-10-05 13:45:53.877752+00:00;2024-10-04;26.228853225708008
817;hybas_1120650110;2024-10-05;2024-10-05 13:45:53.877752+00:00;2024-10-05;22.46440315246582
818;hybas_1120650110;2024-10-05;2024-10-05 13:45:53.877752+00:00;2024-10-06;19.47224235534668
819;hybas_1120650110;2024-10-05;2024-10-05 13:45:53.877752+00:00;2024-10-07;21.628726959228516
820;hybas_1120650110;2024-10-05;2024-10-05 13:45:53.877752+00:00;2024-10-08;24.785776138305664
821;hybas_1120650110;2024-10-05;2024-10-05 13:45:53.877752+00:00;2024-10-09;27.251995086669922
822;hybas_1120650110;2024-10-05;2024-10-05 13:45:53.877752+00:00;2024-10-10;20.859111785888672
823;hybas_1120650110;2024-10-05;2024-10-05 13:45:53.877752+00:00;2024-10-11;17.309688568115234
824;hybas_1120650110;2024-10-06;2024-10-06 13:34:51.082776+00:00;2024-10-05;22.781755447387695
825;hybas_1120650110;2024-10-06;2024-10-06 13:34:51.082776+00:00;2024-10-06;18.799036026000977
826;hybas_1120650110;2024-10-06;2024-10-06 13:34:51.082776+00:00;2024-10-07;19.06763458251953
827;hybas_1120650110;2024-10-06;2024-10-06 13:34:51.082776+00:00;2024-10-08;22.073896408081055
828;hybas_1120650110;2024-10-06;2024-10-06 13:34:51.082776+00:00;2024-10-09;28.18695640563965
829;hybas_1120650110;2024-10-06;2024-10-06 13:34:51.082776+00:00;2024-10-10;25.314603805541992
830;hybas_1120650110;2024-10-06;2024-10-06 13:34:51.082776+00:00;2024-10-11;19.103984832763672
831;hybas_1120650110;2024-10-06;2024-10-06 13:34:51.082776+00:00;2024-10-12;16.734365463256836
832;hybas_1120650110;2024-10-06;2024-10-06 23:40:44.804754+00:00;2024-10-06;19.502347946166992
833;hybas_1120650110;2024-10-06;2024-10-06 23:40:44.804754+00:00;2024-10-07;19.319482803344727
834;hybas_1120650110;2024-10-06;2024-10-06 23:40:44.804754+00:00;2024-10-08;20.97314453125
835;hybas_1120650110;2024-10-06;2024-10-06 23:40:44.804754+00:00;2024-10-09;28.013431549072266
836;hybas_1120650110;2024-10-06;2024-10-06 23:40:44.804754+00:00;2024-10-10;37.47895050048828
837;hybas_1120650110;2024-10-06;2024-10-06 23:40:44.804754+00:00;2024-10-11;26.036869049072266
838;hybas_1120650110;2024-10-06;2024-10-06 23:40:44.804754+00:00;2024-10-12;26.710311889648438
839;hybas_1120650110;2024-10-06;2024-10-06 23:40:44.804754+00:00;2024-10-13;23.230831146240234
840;hybas_1121893090;2024-10-01;2024-10-01 13:35:20.620911+00:00;2024-09-30;3713.50341796875
841;hybas_1121893090;2024-10-01;2024-10-01 13:35:20.620911+00:00;2024-10-01;3738.697021484375
842;hybas_1121893090;2024-10-01;2024-10-01 13:35:20.620911+00:00;2024-10-02;3728.578369140625
843;hybas_1121893090;2024-10-01;2024-10-01 13:35:20.620911+00:00;2024-10-03;3735.09375
844;hybas_1121893090;2024-10-01;2024-10-01 13:35:20.620911+00:00;2024-10-04;3707.459228515625
845;hybas_1121893090;2024-10-01;2024-10-01 13:35:20.620911+00:00;2024-10-05;3666.426513671875
846;hybas_1121893090;2024-10-01;2024-10-01 13:35:20.620911+00:00;2024-10-06;3622.344482421875
847;hybas_1121893090;2024-10-01;2024-10-01 13:35:20.620911+00:00;2024-10-07;3517.2490234375
848;hybas_1121893090;2024-10-02;2024-10-02 13:53:15.215195+00:00;2024-10-01;3766.297119140625
849;hybas_1121893090;2024-10-02;2024-10-02 13:53:15.215195+00:00;2024-10-02;3748.30712890625
850;hybas_1121893090;2024-10-02;2024-10-02 13:53:15.215195+00:00;2024-10-03;3745.31640625
851;hybas_1121893090;2024-10-02;2024-10-02 13:53:15.215195+00:00;2024-10-04;3716.990966796875
852;hybas_1121893090;2024-10-02;2024-10-02 13:53:15.215195+00:00;2024-10-05;3666.270751953125
853;hybas_1121893090;2024-10-02;2024-10-02 13:53:15.215195+00:00;2024-10-06;3600.447265625
854;hybas_1121893090;2024-10-02;2024-10-02 13:53:15.215195+00:00;2024-10-07;3483.04443359375
855;hybas_1121893090;2024-10-02;2024-10-02 13:53:15.215195+00:00;2024-10-08;3453.95556640625
856;hybas_1121893090;2024-10-03;2024-10-03 13:44:01.239078+00:00;2024-10-02;3714.89794921875
857;hybas_1121893090;2024-10-03;2024-10-03 13:44:01.239078+00:00;2024-10-03;3709.877197265625
858;hybas_1121893090;2024-10-03;2024-10-03 13:44:01.239078+00:00;2024-10-04;3685.799560546875
859;hybas_1121893090;2024-10-03;2024-10-03 13:44:01.239078+00:00;2024-10-05;3672.084716796875
860;hybas_1121893090;2024-10-03;2024-10-03 13:44:01.239078+00:00;2024-10-06;3624.267578125
861;hybas_1121893090;2024-10-03;2024-10-03 13:44:01.239078+00:00;2024-10-07;3492.137451171875
862;hybas_1121893090;2024-10-03;2024-10-03 13:44:01.239078+00:00;2024-10-08;3485.800048828125
863;hybas_1121893090;2024-10-03;2024-10-03 13:44:01.239078+00:00;2024-10-09;3499.205078125
864;hybas_1121893090;2024-10-04;2024-10-04 14:02:03.441038+00:00;2024-10-03;3700.5126953125
865;hybas_1121893090;2024-10-04;2024-10-04 14:02:03.441038+00:00;2024-10-04;3700.693359375
866;hybas_1121893090;2024-10-04;2024-10-04 14:02:03.441038+00:00;2024-10-05;3678.013427734375
867;hybas_1121893090;2024-10-04;2024-10-04 14:02:03.441038+00:00;2024-10-06;3663.086181640625
868;hybas_1121893090;2024-10-04;2024-10-04 14:02:03.441038+00:00;2024-10-07;3528.783935546875
869;hybas_1121893090;2024-10-04;2024-10-04 14:02:03.441038+00:00;2024-10-08;3448.9453125
870;hybas_1121893090;2024-10-04;2024-10-04 14:02:03.441038+00:00;2024-10-09;3518.572509765625
871;hybas_1121893090;2024-10-04;2024-10-04 14:02:03.441038+00:00;2024-10-10;3523.821044921875
872;hybas_1121893090;2024-10-05;2024-10-05 13:45:50.667572+00:00;2024-10-04;3722.35791015625
873;hybas_1121893090;2024-10-05;2024-10-05 13:45:50.667572+00:00;2024-10-05;3692.25146484375
874;hybas_1121893090;2024-10-05;2024-10-05 13:45:50.667572+00:00;2024-10-06;3657.07861328125
875;hybas_1121893090;2024-10-05;2024-10-05 13:45:50.667572+00:00;2024-10-07;3539.562255859375
876;hybas_1121893090;2024-10-05;2024-10-05 13:45:50.667572+00:00;2024-10-08;3502.122802734375
877;hybas_1121893090;2024-10-05;2024-10-05 13:45:50.667572+00:00;2024-10-09;3514.13525390625
878;hybas_1121893090;2024-10-05;2024-10-05 13:45:50.667572+00:00;2024-10-10;3562.760498046875
879;hybas_1121893090;2024-10-05;2024-10-05 13:45:50.667572+00:00;2024-10-11;3556.59521484375
880;hybas_1121893090;2024-10-06;2024-10-06 13:33:22.193190+00:00;2024-10-05;3657.23681640625
881;hybas_1121893090;2024-10-06;2024-10-06 13:33:22.193190+00:00;2024-10-06;3612.92724609375
882;hybas_1121893090;2024-10-06;2024-10-06 13:33:22.193190+00:00;2024-10-07;3483.770751953125
883;hybas_1121893090;2024-10-06;2024-10-06 13:33:22.193190+00:00;2024-10-08;3460.880859375
884;hybas_1121893090;2024-10-06;2024-10-06 13:33:22.193190+00:00;2024-10-09;3471.3720703125
885;hybas_1121893090;2024-10-06;2024-10-06 13:33:22.193190+00:00;2024-10-10;3436.674072265625
886;hybas_1121893090;2024-10-06;2024-10-06 13:33:22.193190+00:00;2024-10-11;3489.499267578125
887;hybas_1121893090;2024-10-06;2024-10-06 13:33:22.193190+00:00;2024-10-12;3478.88427734375
888;hybas_1121893090;2024-10-06;2024-10-06 23:41:48.294584+00:00;2024-10-06;3494.980224609375
889;hybas_1121893090;2024-10-06;2024-10-06 23:41:48.294584+00:00;2024-10-07;3453.250732421875
890;hybas_1121893090;2024-10-06;2024-10-06 23:41:48.294584+00:00;2024-10-08;3393.71240234375
891;hybas_1121893090;2024-10-06;2024-10-06 23:41:48.294584+00:00;2024-10-09;3385.52197265625
892;hybas_1121893090;2024-10-06;2024-10-06 23:41:48.294584+00:00;2024-10-10;3410.728271484375
893;hybas_1121893090;2024-10-06;2024-10-06 23:41:48.294584+00:00;2024-10-11;3454.61181640625
894;hybas_1121893090;2024-10-06;2024-10-06 23:41:48.294584+00:00;2024-10-12;3498.025146484375
895;hybas_1121893090;2024-10-06;2024-10-06 23:41:48.294584+00:00;2024-10-13;3487.91455078125
